year,prizes,full_prizes
2020-04-05,江苏1注福建1注广东1注贵州1注共4注。,一等奖中奖情况：江苏1注福建1注广东1注贵州1注共4注。
2020-04-02,河北2注山西1注辽宁1注浙江1注江西1注广东1注共7注。,一等奖中奖情况：河北2注山西1注辽宁1注浙江1注江西1注广东1注共7注。
2020-03-31,辽宁2注黑龙江1注上海1注江苏2注山东1注陕西1注共8注。,一等奖中奖情况：辽宁2注黑龙江1注上海1注江苏2注山东1注陕西1注共8注。
2020-03-29,内蒙古1注江苏6注浙江1注安徽1注福建2注山东1注广东1注陕西2注共15注。,一等奖中奖情况：内蒙古1注江苏6注浙江1注安徽1注福建2注山东1注广东1注陕西2注共15注。
2020-03-26,辽宁4注上海1注江苏1注福建1注江西1注广西3注海南1注共12注。,一等奖中奖情况：辽宁4注上海1注江苏1注福建1注江西1注广西3注海南1注共12注。
2020-03-24,福建1注共1注。,一等奖中奖情况：福建1注共1注。
2020-03-22,内蒙古1注浙江1注广东1注陕西1注甘肃1注共5注。,一等奖中奖情况：内蒙古1注浙江1注广东1注陕西1注甘肃1注共5注。
2020-03-19,山西1注辽宁1注浙江2注共4注。,一等奖中奖情况：山西1注辽宁1注浙江2注共4注。
2020-03-17,江西1注山东1注云南1注共3注。,一等奖中奖情况：江西1注山东1注云南1注共3注。
2020-03-15,上海1注浙江2注安徽1注江西1注山东1注广西1注云南1注共8注。,一等奖中奖情况：上海1注浙江2注安徽1注江西1注山东1注广西1注云南1注共8注。
2020-03-12,江苏1注陕西1注共2注。,一等奖中奖情况：江苏1注陕西1注共2注。
2020-01-21,北京6注辽宁1注上海1注江苏2注山东2注重庆1注广东1注四川2注共16注。,一等奖中奖情况：北京6注辽宁1注上海1注江苏2注山东2注重庆1注广东1注四川2注共16注。
2020-01-19,河北4注山西1注辽宁1注江苏1注福建2注山东1注河南2注湖南1注四川1注贵州1注新疆2注共17注。,一等奖中奖情况：河北4注山西1注辽宁1注江苏1注福建2注山东1注河南2注湖南1注四川1注贵州1注新疆2注共17注。
2020-01-16,天津1注河北1注吉林1注上海6注江苏1注浙江1注安徽15注江西1注湖北2注广东1注广西4注四川1注云南1注深圳2注共38注。,一等奖中奖情况：天津1注河北1注吉林1注上海6注江苏1注浙江1注安徽15注江西1注湖北2注广东1注广西4注四川1注云南1注深圳2注共38注。
2020-01-14,浙江12注重庆1注河南1注广东1注广西1注四川4注共20注。,一等奖中奖情况：浙江12注重庆1注河南1注广东1注广西1注四川4注共20注。
2020-01-12,河北3注安徽1注江西1注湖北2注广西1注共8注。,一等奖中奖情况：河北3注安徽1注江西1注湖北2注广西1注共8注。
2020-01-09,山西1注浙江2注山东1注广东1注广西1注云南1注共7注。,一等奖中奖情况：山西1注浙江2注山东1注广东1注广西1注云南1注共7注。
2020-01-07,江苏1注浙江12注湖北1注湖南1注云南1注共16注。,一等奖中奖情况：江苏1注浙江12注湖北1注湖南1注云南1注共16注。
2020-01-05,北京1注天津1注河北1注山西1注辽宁1注江苏1注安徽1注山东2注重庆2注广东2注贵州1注云南2注共16注。,一等奖中奖情况：北京1注天津1注河北1注山西1注辽宁1注江苏1注安徽1注山东2注重庆2注广东2注贵州1注云南2注共16注。
2020-01-02,河南1注湖北1注四川2注共4注。,一等奖中奖情况：河南1注湖北1注四川2注共4注。
2019-12-31,辽宁1注吉林1注福建1注湖南1注广西1注青海1注深圳2注共8注。,一等奖中奖情况：辽宁1注吉林1注福建1注湖南1注广西1注青海1注深圳2注共8注。
2019-12-29,安徽1注山东1注广东1注陕西1注深圳5注共9注。,一等奖中奖情况：安徽1注山东1注广东1注陕西1注深圳5注共9注。
2019-12-26,北京1注江苏1注浙江6注福建1注湖南1注广东1注四川1注云南1注陕西2注深圳1注共16注。其中一等奖特别奖为：北京1注云南1注陕西2注深圳1注。,一等奖中奖情况：北京1注江苏1注浙江6注福建1注湖南1注广东1注四川1注云南1注陕西2注深圳1注共16注。其中一等奖特别奖为：北京1注云南1注陕西2注深圳1注。
2019-12-24,河北1注山西3注吉林1注黑龙江1注上海4注江苏1注浙江6注安徽1注山东4注河南2注湖北1注湖南1注广东5注四川3注贵州3注云南2注陕西1注青海1注宁夏1注共42注。其中一等奖特别奖为：浙江2注山东1注；一等奖普惠奖为：河北1注山西3注吉林1注黑龙江1注上海4注江苏1注浙江4注安徽1注山东3注河南2注湖北1注湖南1注广东5注四川3注贵州3注云南2注陕西1注青海1注宁夏1注。,一等奖中奖情况：河北1注山西3注吉林1注黑龙江1注上海4注江苏1注浙江6注安徽1注山东4注河南2注湖北1注湖南1注广东5注四川3注贵州3注云南2注陕西1注青海1注宁夏1注共42注。其中一等奖特别奖为：浙江2注山东1注；一等奖普惠奖为：河北1注山西3注吉林1注黑龙江1注上海4注江苏1注浙江4注安徽1注山东3注河南2注湖北1注湖南1注广东5注四川3注贵州3注云南2注陕西1注青海1注宁夏1注。
2019-12-22,河北4注内蒙古1注陕西1注甘肃2注新疆1注深圳1注共10注。其中一等奖特别奖为：河北4注内蒙古1注新疆1注；一等奖普惠奖为：陕西1注甘肃2注深圳1注。,一等奖中奖情况：河北4注内蒙古1注陕西1注甘肃2注新疆1注深圳1注共10注。其中一等奖特别奖为：河北4注内蒙古1注新疆1注；一等奖普惠奖为：陕西1注甘肃2注深圳1注。
2019-12-19,河北1注浙江1注陕西2注共4注。其中一等奖特别奖为：浙江1注陕西2注；一等奖普惠奖为：河北1注。,一等奖中奖情况：河北1注浙江1注陕西2注共4注。其中一等奖特别奖为：浙江1注陕西2注；一等奖普惠奖为：河北1注。
2019-12-17,北京1注辽宁1注黑龙江2注上海1注江苏1注浙江2注安徽1注重庆2注贵州1注云南1注甘肃2注共15注。其中一等奖特别奖为：浙江1注安徽1注重庆2注甘肃2注；一等奖普惠奖为：北京1注辽宁1注黑龙江2注上海1注江苏1注浙江1注贵州1注云南1注。,一等奖中奖情况：北京1注辽宁1注黑龙江2注上海1注江苏1注浙江2注安徽1注重庆2注贵州1注云南1注甘肃2注共15注。其中一等奖特别奖为：浙江1注安徽1注重庆2注甘肃2注；一等奖普惠奖为：北京1注辽宁1注黑龙江2注上海1注江苏1注浙江1注贵州1注云南1注。
2019-12-15,天津2注辽宁1注江苏2注浙江2注重庆1注广东2注云南1注新疆1注深圳1注共13注。其中一等奖特别奖为：天津1注辽宁1注江苏1注浙江1注广东2注云南1注新疆1注；一等奖普惠奖为：天津1注江苏1注浙江1注重庆1注深圳1注。,一等奖中奖情况：天津2注辽宁1注江苏2注浙江2注重庆1注广东2注云南1注新疆1注深圳1注共13注。其中一等奖特别奖为：天津1注辽宁1注江苏1注浙江1注广东2注云南1注新疆1注；一等奖普惠奖为：天津1注江苏1注浙江1注重庆1注深圳1注。
2019-12-12,内蒙古1注上海2注江西1注重庆2注河南1注湖北2注四川2注共11注。其中一等奖特别奖为：内蒙古1注上海2注江西1注重庆2注河南1注湖北1注四川2注；一等奖普惠奖为：湖北1注。,一等奖中奖情况：内蒙古1注上海2注江西1注重庆2注河南1注湖北2注四川2注共11注。其中一等奖特别奖为：内蒙古1注上海2注江西1注重庆2注河南1注湖北1注四川2注；一等奖普惠奖为：湖北1注。
2019-12-10,河北1注江苏1注浙江1注福建5注广西1注新疆5注共14注。其中一等奖特别奖为：河北1注江苏1注福建5注广西1注新疆5注；一等奖普惠奖为：浙江1注。,一等奖中奖情况：河北1注江苏1注浙江1注福建5注广西1注新疆5注共14注。其中一等奖特别奖为：河北1注江苏1注福建5注广西1注新疆5注；一等奖普惠奖为：浙江1注。
2019-12-08,山东2注共2注。其中一等奖特别奖为：山东2注。,一等奖中奖情况：山东2注共2注。其中一等奖特别奖为：山东2注。
2019-12-05,北京5注河北1注山西1注辽宁1注吉林1注黑龙江1注浙江4注江西1注山东1注湖北1注广东2注四川3注陕西2注深圳1注共25注。其中一等奖特别奖为：北京5注河北1注辽宁1注黑龙江1注浙江4注山东1注湖北1注广东2注四川3注陕西1注深圳1注；一等奖普惠奖为：山西1注吉林1注江西1注陕西1注。,一等奖中奖情况：北京5注河北1注山西1注辽宁1注吉林1注黑龙江1注浙江4注江西1注山东1注湖北1注广东2注四川3注陕西2注深圳1注共25注。其中一等奖特别奖为：北京5注河北1注辽宁1注黑龙江1注浙江4注山东1注湖北1注广东2注四川3注陕西1注深圳1注；一等奖普惠奖为：山西1注吉林1注江西1注陕西1注。
2019-12-03,辽宁1注浙江1注安徽1注重庆1注共4注。其中一等奖特别奖为：浙江1注；一等奖普惠奖为：辽宁1注安徽1注重庆1注。,一等奖中奖情况：辽宁1注浙江1注安徽1注重庆1注共4注。其中一等奖特别奖为：浙江1注；一等奖普惠奖为：辽宁1注安徽1注重庆1注。
2019-12-01,北京1注河北3注山西1注内蒙古1注上海2注江西1注重庆2注河南1注贵州1注甘肃1注宁夏1注共15注。其中一等奖特别奖为：北京1注河北2注山西1注内蒙古1注上海2注江西1注重庆2注甘肃1注宁夏1注；一等奖普惠奖为：河北1注河南1注贵州1注。,一等奖中奖情况：北京1注河北3注山西1注内蒙古1注上海2注江西1注重庆2注河南1注贵州1注甘肃1注宁夏1注共15注。其中一等奖特别奖为：北京1注河北2注山西1注内蒙古1注上海2注江西1注重庆2注甘肃1注宁夏1注；一等奖普惠奖为：河北1注河南1注贵州1注。
2019-11-28,北京1注天津1注内蒙古4注辽宁2注吉林2注黑龙江2注上海2注江苏1注浙江3注安徽1注福建1注江西2注重庆1注湖北1注四川1注甘肃1注深圳1注共27注。其中一等奖特别奖为：天津1注内蒙古4注吉林1注黑龙江2注上海1注浙江2注安徽1注福建1注江西1注重庆1注湖北1注四川1注甘肃1注深圳1注；一等奖普惠奖为：北京1注辽宁2注吉林1注上海1注江苏1注浙江1注江西1注。,一等奖中奖情况：北京1注天津1注内蒙古4注辽宁2注吉林2注黑龙江2注上海2注江苏1注浙江3注安徽1注福建1注江西2注重庆1注湖北1注四川1注甘肃1注深圳1注共27注。其中一等奖特别奖为：天津1注内蒙古4注吉林1注黑龙江2注上海1注浙江2注安徽1注福建1注江西1注重庆1注湖北1注四川1注甘肃1注深圳1注；一等奖普惠奖为：北京1注辽宁2注吉林1注上海1注江苏1注浙江1注江西1注。
2019-11-26,福建1注山东2注湖南1注广东2注甘肃1注共7注。其中一等奖特别奖为：山东1注湖南1注广东2注甘肃1注；一等奖普惠奖为：福建1注山东1注。,一等奖中奖情况：福建1注山东2注湖南1注广东2注甘肃1注共7注。其中一等奖特别奖为：山东1注湖南1注广东2注甘肃1注；一等奖普惠奖为：福建1注山东1注。
2019-11-24,江苏1注福建2注河南1注共4注。其中一等奖特别奖为：福建1注河南1注；一等奖普惠奖为：江苏1注福建1注。,一等奖中奖情况：江苏1注福建2注河南1注共4注。其中一等奖特别奖为：福建1注河南1注；一等奖普惠奖为：江苏1注福建1注。
2019-11-21,天津2注辽宁1注黑龙江1注福建2注贵州1注共7注。其中一等奖特别奖为：天津2注黑龙江1注福建2注；一等奖普惠奖为：辽宁1注贵州1注。,一等奖中奖情况：天津2注辽宁1注黑龙江1注福建2注贵州1注共7注。其中一等奖特别奖为：天津2注黑龙江1注福建2注；一等奖普惠奖为：辽宁1注贵州1注。
2019-11-19,辽宁1注上海1注江苏1注山东2注湖南2注贵州1注宁夏1注深圳1注共10注。其中一等奖特别奖为：上海1注江苏1注山东2注湖南1注贵州1注；一等奖普惠奖为：辽宁1注湖南1注宁夏1注深圳1注。,一等奖中奖情况：辽宁1注上海1注江苏1注山东2注湖南2注贵州1注宁夏1注深圳1注共10注。其中一等奖特别奖为：上海1注江苏1注山东2注湖南1注贵州1注；一等奖普惠奖为：辽宁1注湖南1注宁夏1注深圳1注。
2019-11-17,北京1注浙江1注江西2注广东2注四川1注共7注。其中一等奖特别奖为：北京1注浙江1注江西2注广东2注四川1注。,一等奖中奖情况：北京1注浙江1注江西2注广东2注四川1注共7注。其中一等奖特别奖为：北京1注浙江1注江西2注广东2注四川1注。
2019-11-14,浙江1注福建1注江西1注河南4注湖北1注湖南1注广东2注新疆1注共12注。其中一等奖特别奖为：福建1注江西1注河南3注湖北1注湖南1注广东1注；一等奖普惠奖为：浙江1注河南1注广东1注新疆1注。,一等奖中奖情况：浙江1注福建1注江西1注河南4注湖北1注湖南1注广东2注新疆1注共12注。其中一等奖特别奖为：福建1注江西1注河南3注湖北1注湖南1注广东1注；一等奖普惠奖为：浙江1注河南1注广东1注新疆1注。
2019-11-12,河北2注内蒙古1注江西5注河南1注湖南1注四川5注共15注。其中一等奖特别奖为：河北2注内蒙古1注江西5注四川4注；一等奖普惠奖为：河南1注湖南1注四川1注。,一等奖中奖情况：河北2注内蒙古1注江西5注河南1注湖南1注四川5注共15注。其中一等奖特别奖为：河北2注内蒙古1注江西5注四川4注；一等奖普惠奖为：河南1注湖南1注四川1注。
2019-11-10,北京6注河北1注辽宁1注上海3注浙江4注山东2注四川1注贵州1注陕西1注共20注。其中一等奖特别奖为：北京1注河北1注山东2注四川1注陕西1注；一等奖普惠奖为：北京5注辽宁1注上海3注浙江4注贵州1注。,一等奖中奖情况：北京6注河北1注辽宁1注上海3注浙江4注山东2注四川1注贵州1注陕西1注共20注。其中一等奖特别奖为：北京1注河北1注山东2注四川1注陕西1注；一等奖普惠奖为：北京5注辽宁1注上海3注浙江4注贵州1注。
2019-11-07,北京1注内蒙古1注福建1注江西1注湖北1注甘肃1注新疆3注共9注。,一等奖中奖情况：北京1注内蒙古1注福建1注江西1注湖北1注甘肃1注新疆3注共9注。
2019-11-05,河北1注江苏1注江西1注山东2注重庆1注河南1注湖北2注广西3注四川1注云南1注深圳1注共15注。,一等奖中奖情况：河北1注江苏1注江西1注山东2注重庆1注河南1注湖北2注广西3注四川1注云南1注深圳1注共15注。
2019-11-03,河北1注黑龙江1注上海1注山东1注湖北1注广东1注云南1注甘肃1注共8注。,一等奖中奖情况：河北1注黑龙江1注上海1注山东1注湖北1注广东1注云南1注甘肃1注共8注。
2019-10-31,河北1注浙江5注广东1注四川1注共8注。,一等奖中奖情况：河北1注浙江5注广东1注四川1注共8注。
2019-10-29,北京1注天津1注河北1注福建2注山东4注河南1注湖北1注陕西2注甘肃1注共14注。,一等奖中奖情况：北京1注天津1注河北1注福建2注山东4注河南1注湖北1注陕西2注甘肃1注共14注。
2019-10-27,山西3注福建1注江西1注重庆1注河南2注湖北1注广东3注广西4注四川1注云南1注宁夏1注共19注。,一等奖中奖情况：山西3注福建1注江西1注重庆1注河南2注湖北1注广东3注广西4注四川1注云南1注宁夏1注共19注。
2019-10-24,河北1注浙江1注山东1注湖北1注共4注。,一等奖中奖情况：河北1注浙江1注山东1注湖北1注共4注。
2019-10-22,河北5注浙江1注安徽1注山东1注湖南1注四川5注新疆1注共15注。,一等奖中奖情况：河北5注浙江1注安徽1注山东1注湖南1注四川5注新疆1注共15注。
2019-10-20,浙江1注福建1注山东1注重庆1注青海1注共5注。,一等奖中奖情况：浙江1注福建1注山东1注重庆1注青海1注共5注。
2019-10-17,江苏2注安徽1注四川5注甘肃1注共9注。,一等奖中奖情况：江苏2注安徽1注四川5注甘肃1注共9注。
2019-10-15,天津1注山西1注黑龙江1注上海1注浙江1注湖北1注共6注。,一等奖中奖情况：天津1注山西1注黑龙江1注上海1注浙江1注湖北1注共6注。
2019-10-13,北京1注福建1注广东1注四川1注陕西1注共5注。,一等奖中奖情况：北京1注福建1注广东1注四川1注陕西1注共5注。
2019-10-10,辽宁1注江苏1注重庆1注河南1注四川1注云南1注深圳1注共7注。,一等奖中奖情况：辽宁1注江苏1注重庆1注河南1注四川1注云南1注深圳1注共7注。
2019-10-08,北京1注河北1注辽宁1注上海1注山东1注重庆1注湖北1注陕西1注共8注。,一等奖中奖情况：北京1注河北1注辽宁1注上海1注山东1注重庆1注湖北1注陕西1注共8注。
2019-09-29,江苏2注湖南1注云南1注共4注。,一等奖中奖情况：江苏2注湖南1注云南1注共4注。
2019-09-26,浙江2注河南1注广东1注四川1注共5注。,一等奖中奖情况：浙江2注河南1注广东1注四川1注共5注。
2019-09-24,吉林1注江苏2注山东1注广东1注新疆1注共6注。,一等奖中奖情况：吉林1注江苏2注山东1注广东1注新疆1注共6注。
2019-09-22,北京3注广东3注共6注。,一等奖中奖情况：北京3注广东3注共6注。
2019-09-19,北京2注浙江1注安徽1注山东1注重庆1注深圳2注共8注。,一等奖中奖情况：北京2注浙江1注安徽1注山东1注重庆1注深圳2注共8注。
2019-09-17,江苏1注福建1注湖南2注广西1注共5注。,一等奖中奖情况：江苏1注福建1注湖南2注广西1注共5注。
2019-09-15,河北3注山西1注黑龙江1注上海1注浙江1注安徽1注山东1注湖南3注云南1注共13注。,一等奖中奖情况：河北3注山西1注黑龙江1注上海1注浙江1注安徽1注山东1注湖南3注云南1注共13注。
2019-09-12,黑龙江1注广西1注共2注。,一等奖中奖情况：黑龙江1注广西1注共2注。
2019-09-10,北京1注安徽1注山东1注共3注。,一等奖中奖情况：北京1注安徽1注山东1注共3注。
2019-09-08,山西5注辽宁1注共6注。,一等奖中奖情况：山西5注辽宁1注共6注。
2019-09-05,内蒙古1注浙江1注福建1注山东1注广东1注云南1注甘肃1注共7注。,一等奖中奖情况：内蒙古1注浙江1注福建1注山东1注广东1注云南1注甘肃1注共7注。
2019-09-03,黑龙江1注云南1注共2注。,一等奖中奖情况：黑龙江1注云南1注共2注。
2019-09-01,河北1注江苏1注江西1注重庆1注湖南1注广东1注四川1注云南10注新疆1注共18注。,一等奖中奖情况：河北1注江苏1注江西1注重庆1注湖南1注广东1注四川1注云南10注新疆1注共18注。
2019-08-29,山西1注辽宁2注广东1注共4注。,一等奖中奖情况：山西1注辽宁2注广东1注共4注。
,null,
2019-08-25,吉林16注黑龙江1注安徽3注江西1注山东1注广东1注四川2注宁夏1注共26注。,一等奖中奖情况：吉林16注黑龙江1注安徽3注江西1注山东1注广东1注四川2注宁夏1注共26注。
2019-08-22,辽宁1注黑龙江1注浙江1注湖南1注共4注。,一等奖中奖情况：辽宁1注黑龙江1注浙江1注湖南1注共4注。
2019-08-20,辽宁1注广东2注陕西1注新疆1注共5注。,一等奖中奖情况：辽宁1注广东2注陕西1注新疆1注共5注。
2019-08-18,河北1注山西25注辽宁1注江西1注山东1注重庆1注河南3注广东2注广西1注四川11注甘肃1注共48注。,一等奖中奖情况：河北1注山西25注辽宁1注江西1注山东1注重庆1注河南3注广东2注广西1注四川11注甘肃1注共48注。
2019-08-15,辽宁2注广东1注共3注。,一等奖中奖情况：辽宁2注广东1注共3注。
2019-08-13,江苏1注浙江2注江西2注广东1注陕西1注深圳1注共8注。,一等奖中奖情况：江苏1注浙江2注江西2注广东1注陕西1注深圳1注共8注。
2019-08-11,北京2注河北1注内蒙古1注辽宁2注吉林1注上海1注江苏1注浙江3注安徽2注福建1注山东3注河南5注湖北2注广西1注甘肃1注共27注。,一等奖中奖情况：北京2注河北1注内蒙古1注辽宁2注吉林1注上海1注江苏1注浙江3注安徽2注福建1注山东3注河南5注湖北2注广西1注甘肃1注共27注。
2019-08-08,北京1注江苏1注浙江1注重庆1注湖南1注广东1注共6注。,一等奖中奖情况：北京1注江苏1注浙江1注重庆1注湖南1注广东1注共6注。
2019-08-06,重庆1注深圳1注共2注。,一等奖中奖情况：重庆1注深圳1注共2注。
2019-08-04,辽宁1注广东1注共2注。,一等奖中奖情况：辽宁1注广东1注共2注。
2019-08-01,辽宁1注安徽1注湖北3注湖南1注广西1注共7注。,一等奖中奖情况：辽宁1注安徽1注湖北3注湖南1注广西1注共7注。
2019-07-30,黑龙江1注江苏3注浙江3注山东1注湖南1注广东7注四川1注云南1注共18注。,一等奖中奖情况：黑龙江1注江苏3注浙江3注山东1注湖南1注广东7注四川1注云南1注共18注。
2019-07-28,上海4注安徽1注共5注。,一等奖中奖情况：上海4注安徽1注共5注。
2019-07-25,天津1注江苏1注福建1注江西1注广东1注甘肃1注青海1注深圳4注共11注。,一等奖中奖情况：天津1注江苏1注福建1注江西1注广东1注甘肃1注青海1注深圳4注共11注。
2019-07-23,河北1注江苏2注山东5注湖北1注广东1注陕西2注共12注。,一等奖中奖情况：河北1注江苏2注山东5注湖北1注广东1注陕西2注共12注。
2019-07-21,内蒙古1注浙江1注安徽1注山东11注河南1注共15注。,一等奖中奖情况：内蒙古1注浙江1注安徽1注山东11注河南1注共15注。
2019-07-18,河北1注江苏5注浙江1注安徽1注贵州2注共10注。,一等奖中奖情况：河北1注江苏5注浙江1注安徽1注贵州2注共10注。
2019-07-16,河北1注辽宁1注安徽1注广东2注共5注。,一等奖中奖情况：河北1注辽宁1注安徽1注广东2注共5注。
2019-07-14,江苏1注山东1注重庆1注广东2注共5注。,一等奖中奖情况：江苏1注山东1注重庆1注广东2注共5注。
2019-07-11,河北2注辽宁1注浙江1注安徽1注山东1注深圳1注共7注。,一等奖中奖情况：河北2注辽宁1注浙江1注安徽1注山东1注深圳1注共7注。
2019-07-09,上海10注江苏1注福建1注江西1注山东1注四川1注共15注。,一等奖中奖情况：上海10注江苏1注福建1注江西1注山东1注四川1注共15注。
2019-07-07,北京1注黑龙江1注江苏6注浙江1注山东1注广东2注云南2注共14注。,一等奖中奖情况：北京1注黑龙江1注江苏6注浙江1注山东1注广东2注云南2注共14注。
2019-07-04,浙江1注共1注。,一等奖中奖情况：浙江1注共1注。
2019-07-02,四川1注深圳3注共4注。,一等奖中奖情况：四川1注深圳3注共4注。
2019-06-30,福建1注广东1注共2注。,一等奖中奖情况：福建1注广东1注共2注。
2019-06-27,河北1注上海1注安徽1注陕西1注共4注。,一等奖中奖情况：河北1注上海1注安徽1注陕西1注共4注。
2019-06-25,河北2注山西1注内蒙古1注江苏1注山东1注重庆2注河南1注湖北1注广西3注贵州1注陕西1注深圳2注共17注。,一等奖中奖情况：河北2注山西1注内蒙古1注江苏1注山东1注重庆2注河南1注湖北1注广西3注贵州1注陕西1注深圳2注共17注。
2019-06-23,河北1注浙江1注江西2注山东1注湖南3注广东1注深圳1注共10注。,一等奖中奖情况：河北1注浙江1注江西2注山东1注湖南3注广东1注深圳1注共10注。
2019-06-20,山西1注上海1注浙江4注重庆3注河南5注湖北1注广西2注四川4注贵州1注共22注。,一等奖中奖情况：山西1注上海1注浙江4注重庆3注河南5注湖北1注广西2注四川4注贵州1注共22注。
2019-06-18,浙江1注重庆1注四川1注共3注。,一等奖中奖情况：浙江1注重庆1注四川1注共3注。
2019-06-16,辽宁1注浙江1注福建1注江西1注湖北1注广东1注四川1注云南1注共8注。,一等奖中奖情况：辽宁1注浙江1注福建1注江西1注湖北1注广东1注四川1注云南1注共8注。
2019-06-13,山西1注黑龙江1注广东2注四川1注甘肃1注共6注。,一等奖中奖情况：山西1注黑龙江1注广东2注四川1注甘肃1注共6注。
2019-06-11,北京1注辽宁1注江苏2注湖南1注共5注。,一等奖中奖情况：北京1注辽宁1注江苏2注湖南1注共5注。
2019-06-09,内蒙古1注山东1注河南2注广西1注云南1注共6注。,一等奖中奖情况：内蒙古1注山东1注河南2注广西1注云南1注共6注。
2019-06-06,北京2注河北1注辽宁1注江苏1注湖北1注贵州1注云南2注深圳1注共10注。,一等奖中奖情况：北京2注河北1注辽宁1注江苏1注湖北1注贵州1注云南2注深圳1注共10注。
2019-06-04,上海1注浙江1注广西1注贵州1注共4注。,一等奖中奖情况：上海1注浙江1注广西1注贵州1注共4注。
2019-06-02,黑龙江1注河南1注湖北2注海南1注共5注。,一等奖中奖情况：黑龙江1注河南1注湖北2注海南1注共5注。
2019-05-30,上海1注江苏3注浙江1注湖北1注新疆1注共7注。,一等奖中奖情况：上海1注江苏3注浙江1注湖北1注新疆1注共7注。
2019-05-28,北京1注安徽1注重庆2注四川1注陕西1注共6注。,一等奖中奖情况：北京1注安徽1注重庆2注四川1注陕西1注共6注。
2019-05-26,河南1注广东1注共2注。,一等奖中奖情况：河南1注广东1注共2注。
2019-05-23,湖北1注广西1注共2注。,一等奖中奖情况：湖北1注广西1注共2注。
2019-05-21,河北1注黑龙江1注上海1注江苏4注浙江1注安徽2注福建3注山东1注湖北1注广东1注广西1注四川1注云南1注陕西1注共20注。,一等奖中奖情况：河北1注黑龙江1注上海1注江苏4注浙江1注安徽2注福建3注山东1注湖北1注广东1注广西1注四川1注云南1注陕西1注共20注。
2019-05-19,黑龙江2注上海1注湖南1注四川1注陕西1注深圳1注共7注。,一等奖中奖情况：黑龙江2注上海1注湖南1注四川1注陕西1注深圳1注共7注。
2019-05-16,江西1注共1注。,一等奖中奖情况：江西1注共1注。
2019-05-14,河南1注广东1注共2注。,一等奖中奖情况：河南1注广东1注共2注。
2019-05-12,北京1注吉林1注山东1注湖北1注湖南1注广东1注贵州2注共8注。,一等奖中奖情况：北京1注吉林1注山东1注湖北1注湖南1注广东1注贵州2注共8注。
2019-05-09,内蒙古1注上海5注江苏1注湖北1注四川4注共12注。,一等奖中奖情况：内蒙古1注上海5注江苏1注湖北1注四川4注共12注。
2019-05-07,北京2注天津12注河北1注山西3注内蒙古2注辽宁1注黑龙江2注上海5注江苏3注浙江26注安徽3注福建6注江西3注山东7注重庆1注河南5注湖北23注湖南3注广东11注广西1注四川2注贵州3注云南7注陕西16注甘肃2注深圳3注共153注。,一等奖中奖情况：北京2注天津12注河北1注山西3注内蒙古2注辽宁1注黑龙江2注上海5注江苏3注浙江26注安徽3注福建6注江西3注山东7注重庆1注河南5注湖北23注湖南3注广东11注广西1注四川2注贵州3注云南7注陕西16注甘肃2注深圳3注共153注。
2019-05-05,山西1注内蒙古1注吉林1注黑龙江1注江苏1注安徽1注福建1注重庆1注河南1注湖北1注广东1注西藏1注新疆1注共13注。,一等奖中奖情况：山西1注内蒙古1注吉林1注黑龙江1注江苏1注安徽1注福建1注重庆1注河南1注湖北1注广东1注西藏1注新疆1注共13注。
2019-05-02,辽宁1注吉林1注上海1注安徽1注河南1注广东4注云南1注深圳3注共13注。,一等奖中奖情况：辽宁1注吉林1注上海1注安徽1注河南1注广东4注云南1注深圳3注共13注。
2019-04-30,北京1注天津1注黑龙江1注浙江2注河南2注湖北1注新疆1注共9注。,一等奖中奖情况：北京1注天津1注黑龙江1注浙江2注河南2注湖北1注新疆1注共9注。
2019-04-28,河北1注江苏3注湖南1注广东3注共8注。,一等奖中奖情况：河北1注江苏3注湖南1注广东3注共8注。
2019-04-25,广东1注共1注。,一等奖中奖情况：广东1注共1注。
2019-04-23,天津1注黑龙江1注上海5注浙江1注山东1注河南3注湖北1注广东2注海南1注新疆1注共17注。,一等奖中奖情况：天津1注黑龙江1注上海5注浙江1注山东1注河南3注湖北1注广东2注海南1注新疆1注共17注。
2019-04-21,辽宁1注江苏1注广东3注甘肃1注深圳1注共7注。,一等奖中奖情况：辽宁1注江苏1注广东3注甘肃1注深圳1注共7注。
2019-04-18,天津1注浙江4注安徽1注湖南1注广东1注广西1注宁夏1注深圳2注共12注。,一等奖中奖情况：天津1注浙江4注安徽1注湖南1注广东1注广西1注宁夏1注深圳2注共12注。
2019-04-16,山东1注湖北1注共2注。,一等奖中奖情况：山东1注湖北1注共2注。
2019-04-14,河北1注山西1注福建1注山东1注共4注。,一等奖中奖情况：河北1注山西1注福建1注山东1注共4注。
2019-04-11,江西1注河南1注共2注。,一等奖中奖情况：江西1注河南1注共2注。
2019-04-09,北京2注黑龙江1注江西1注河南2注广东1注云南1注共8注。,一等奖中奖情况：北京2注黑龙江1注江西1注河南2注广东1注云南1注共8注。
2019-04-07,江苏3注浙江5注广西1注陕西2注共11注。,一等奖中奖情况：江苏3注浙江5注广西1注陕西2注共11注。
2019-04-04,上海1注浙江2注重庆1注湖北1注四川2注陕西1注宁夏2注共10注。,一等奖中奖情况：上海1注浙江2注重庆1注湖北1注四川2注陕西1注宁夏2注共10注。
2019-04-02,江苏1注浙江5注山东2注河南1注广东2注云南1注共12注。,一等奖中奖情况：江苏1注浙江5注山东2注河南1注广东2注云南1注共12注。
2019-03-31,天津1注河北3注辽宁1注吉林1注上海6注浙江1注安徽1注河南2注湖北1注湖南2注广东1注陕西1注共21注。,一等奖中奖情况：天津1注河北3注辽宁1注吉林1注上海6注浙江1注安徽1注河南2注湖北1注湖南2注广东1注陕西1注共21注。
2019-03-28,北京2注河北1注黑龙江2注上海1注江西1注山东1注广东1注广西1注深圳1注共11注。,一等奖中奖情况：北京2注河北1注黑龙江2注上海1注江西1注山东1注广东1注广西1注深圳1注共11注。
2019-03-26,北京1注河北1注辽宁3注上海1注福建2注山东1注河南1注共10注。,一等奖中奖情况：北京1注河北1注辽宁3注上海1注福建2注山东1注河南1注共10注。
2019-03-24,山西1注江苏1注浙江1注河南3注四川4注陕西1注深圳11注共22注。,一等奖中奖情况：山西1注江苏1注浙江1注河南3注四川4注陕西1注深圳11注共22注。
2019-03-21,上海1注江苏2注广东1注贵州1注青海1注共6注。,一等奖中奖情况：上海1注江苏2注广东1注贵州1注青海1注共6注。
2019-03-19,江苏2注重庆3注共5注。,一等奖中奖情况：江苏2注重庆3注共5注。
2019-03-17,山西1注吉林1注浙江2注安徽1注福建2注山东1注河南2注湖北2注湖南2注广东1注云南1注陕西1注共17注。,一等奖中奖情况：山西1注吉林1注浙江2注安徽1注福建2注山东1注河南2注湖北2注湖南2注广东1注云南1注陕西1注共17注。
2019-03-14,内蒙古1注浙江1注福建1注山东1注湖北1注甘肃1注共6注。,一等奖中奖情况：内蒙古1注浙江1注福建1注山东1注湖北1注甘肃1注共6注。
2019-03-12,河北1注福建3注山东1注重庆1注河南1注湖南1注云南1注宁夏2注共11注。,一等奖中奖情况：河北1注福建3注山东1注重庆1注河南1注湖南1注云南1注宁夏2注共11注。
2019-03-10,山东2注湖南1注广东5注贵州1注共9注。,一等奖中奖情况：山东2注湖南1注广东5注贵州1注共9注。
2019-03-07,北京1注内蒙古1注安徽3注江西1注广东1注四川1注陕西1注深圳1注共10注。,一等奖中奖情况：北京1注内蒙古1注安徽3注江西1注广东1注四川1注陕西1注深圳1注共10注。
2019-03-05,辽宁2注黑龙江1注湖南1注广西1注共5注。,一等奖中奖情况：辽宁2注黑龙江1注湖南1注广西1注共5注。
2019-03-03,天津1注上海1注浙江1注湖南1注四川1注陕西2注宁夏1注共8注。,一等奖中奖情况：天津1注上海1注浙江1注湖南1注四川1注陕西2注宁夏1注共8注。
2019-02-28,内蒙古1注黑龙江1注江苏1注浙江4注安徽1注河南1注湖南1注四川2注甘肃1注共13注。,一等奖中奖情况：内蒙古1注黑龙江1注江苏1注浙江4注安徽1注河南1注湖南1注四川2注甘肃1注共13注。
2019-02-26,江苏3注安徽2注江西1注山东5注重庆1注广东5注广西1注四川1注共19注。,一等奖中奖情况：江苏3注安徽2注江西1注山东5注重庆1注广东5注广西1注四川1注共19注。
2019-02-24,天津2注河南1注湖北1注四川1注陕西1注共6注。,一等奖中奖情况：天津2注河南1注湖北1注四川1注陕西1注共6注。
2019-02-21,上海1注浙江1注河南1注湖北3注湖南1注广东1注贵州1注云南1注新疆1注共11注。,一等奖中奖情况：上海1注浙江1注河南1注湖北3注湖南1注广东1注贵州1注云南1注新疆1注共11注。
2019-02-19,北京2注天津1注河北1注上海1注江苏3注浙江1注福建1注江西1注山东5注河南1注湖北2注广东2注陕西1注宁夏1注新疆1注共24注。,一等奖中奖情况：北京2注天津1注河北1注上海1注江苏3注浙江1注福建1注江西1注山东5注河南1注湖北2注广东2注陕西1注宁夏1注新疆1注共24注。
2019-02-17,江苏1注浙江1注安徽2注广东2注广西1注四川1注共8注。,一等奖中奖情况：江苏1注浙江1注安徽2注广东2注广西1注四川1注共8注。
2019-02-14,辽宁1注上海1注云南1注共3注。,一等奖中奖情况：辽宁1注上海1注云南1注共3注。
2019-02-12,河北1注内蒙古1注山东1注河南1注广东1注四川1注云南5注共11注。,一等奖中奖情况：河北1注内蒙古1注山东1注河南1注广东1注四川1注云南5注共11注。
2019-02-03,山西5注辽宁1注黑龙江2注江苏1注江西1注山东1注广西1注四川1注共13注。,一等奖中奖情况：山西5注辽宁1注黑龙江2注江苏1注江西1注山东1注广西1注四川1注共13注。
2019-01-31,辽宁3注江苏1注河南1注广东2注共7注。,一等奖中奖情况：辽宁3注江苏1注河南1注广东2注共7注。
2019-01-29,黑龙江1注浙江1注河南1注陕西1注共4注。,一等奖中奖情况：黑龙江1注浙江1注河南1注陕西1注共4注。
2019-01-27,黑龙江2注共2注。,一等奖中奖情况：黑龙江2注共2注。
2019-01-24,河北2注辽宁1注河南1注共4注。,一等奖中奖情况：河北2注辽宁1注河南1注共4注。
2019-01-22,北京2注河北1注山西2注黑龙江1注山东3注重庆1注河南1注广东3注广西1注共15注。,一等奖中奖情况：北京2注河北1注山西2注黑龙江1注山东3注重庆1注河南1注广东3注广西1注共15注。
2019-01-20,辽宁1注山东1注湖南1注广东8注广西1注共12注。,一等奖中奖情况：辽宁1注山东1注湖南1注广东8注广西1注共12注。
2019-01-17,山东1注重庆1注广东1注四川1注共4注。,一等奖中奖情况：山东1注重庆1注广东1注四川1注共4注。
2019-01-15,吉林1注浙江1注河南1注湖北1注广东1注四川1注云南2注陕西1注共9注。,一等奖中奖情况：吉林1注浙江1注河南1注湖北1注广东1注四川1注云南2注陕西1注共9注。
2019-01-13,北京2注山西1注辽宁1注黑龙江1注江西1注贵州1注云南25注共32注。,一等奖中奖情况：北京2注山西1注辽宁1注黑龙江1注江西1注贵州1注云南25注共32注。
2019-01-10,江苏3注福建1注江西1注河南1注广东2注广西1注深圳2注共11注。,一等奖中奖情况：江苏3注福建1注江西1注河南1注广东2注广西1注深圳2注共11注。
2019-01-08,辽宁1注江苏2注河南1注四川2注贵州1注新疆1注共8注。,一等奖中奖情况：辽宁1注江苏2注河南1注四川2注贵州1注新疆1注共8注。
2019-01-06,上海1注浙江1注山东2注陕西1注共5注。,一等奖中奖情况：上海1注浙江1注山东2注陕西1注共5注。
2019-01-03,北京1注上海1注河南5注广东1注四川1注共9注。,一等奖中奖情况：北京1注上海1注河南5注广东1注四川1注共9注。
2019-01-01,浙江1注山东1注重庆1注云南1注深圳10注共14注。,一等奖中奖情况：浙江1注山东1注重庆1注云南1注深圳10注共14注。
2018-12-30,上海2注河南1注湖北1注共4注。,一等奖中奖情况：上海2注河南1注湖北1注共4注。
2018-12-27,山西2注内蒙古1注辽宁2注吉林1注上海2注江苏1注安徽2注湖北1注广西1注四川1注云南4注西藏1注甘肃1注共20注。,一等奖中奖情况：山西2注内蒙古1注辽宁2注吉林1注上海2注江苏1注安徽2注湖北1注广西1注四川1注云南4注西藏1注甘肃1注共20注。
2018-12-25,辽宁1注福建1注江西1注河南1注共4注。,一等奖中奖情况：辽宁1注福建1注江西1注河南1注共4注。
2018-12-23,河北1注内蒙古1注上海2注江苏1注浙江1注安徽3注山东1注湖北1注广东1注广西1注四川2注共15注。,一等奖中奖情况：河北1注内蒙古1注上海2注江苏1注浙江1注安徽3注山东1注湖北1注广东1注广西1注四川2注共15注。
2018-12-20,辽宁1注黑龙江1注江苏5注浙江1注重庆1注广东1注陕西2注共12注。,一等奖中奖情况：辽宁1注黑龙江1注江苏5注浙江1注重庆1注广东1注陕西2注共12注。
2018-12-18,浙江3注安徽1注重庆1注河南2注广东3注四川1注共11注。,一等奖中奖情况：浙江3注安徽1注重庆1注河南2注广东3注四川1注共11注。
2018-12-16,辽宁2注上海2注江苏1注福建1注山东1注湖南1注广西1注四川2注共11注。,一等奖中奖情况：辽宁2注上海2注江苏1注福建1注山东1注湖南1注广西1注四川2注共11注。
2018-12-13,北京1注江苏2注浙江4注山东1注湖北1注广东3注陕西1注共13注。,一等奖中奖情况：北京1注江苏2注浙江4注山东1注湖北1注广东3注陕西1注共13注。
2018-12-11,辽宁1注上海1注浙江2注安徽1注福建1注江西1注湖北1注湖南2注广东2注四川5注云南3注陕西1注共21注。其中复式或胆拖投注为：辽宁1注浙江2注安徽1注湖北1注湖南2注广东2注四川1注云南2注陕西1注。,一等��中奖情况：辽宁1注上海1注浙江2注安徽1注福建1注江西1注湖北1注湖南2注广东2注四川5注云南3注陕西1注共21注。其中复式或胆拖投注为：辽宁1注浙江2注安徽1注湖北1注湖南2注广东2注四川1注云南2注陕西1注。
2018-12-09,天津1注共1注。其中复式或胆拖投注为：0注。,一等奖中奖情况：天津1注共1注。其中复式或胆拖投注为：0注。
2018-12-06,河北1注内蒙古1注浙江3注山东1注重庆1注河南1注湖北5注广东1注四川2注共16注。其中复式或胆拖投注为：河北1注山东1注湖北5注四川1注。,一等奖中奖情况：河北1注内蒙古1注浙江3注山东1注重庆1注河南1注湖北5注广东1注四川2注共16注。其中复式或胆拖投注为：河北1注山东1注湖北5注四川1注。
2018-12-04,河北1注黑龙江2注上海1注浙江2注福建1注山东1注重庆1注湖南2注广东1注四川1注贵州2注甘肃1注共16注。其中复式或胆拖投注为：河北1注黑龙江1注上海1注浙江2注福建1注湖南1注广东1注贵州2注甘肃1注。,一等奖中奖情况：河北1注黑龙江2注上海1注浙江2注福建1注山东1注重庆1注湖南2注广东1注四川1注贵州2注甘肃1注共16注。其中复式或胆拖投注为：河北1注黑龙江1注上海1注浙江2注福建1注湖南1注广东1注贵州2注甘肃1注。
2018-12-02,安徽1注湖南1注共2注。其中复式或胆拖投注为：安徽1注。,一等奖中奖情况：安徽1注湖南1注共2注。其中复式或胆拖投注为：安徽1注。
2018-11-29,共0注。其中复式或胆拖投注为：0注。,一等奖中奖情况：共0注。其中复式或胆拖投注为：0注。
2018-11-27,辽宁1注江苏2注山东3注广东2注陕西1注深圳1注共10注。其中复式或胆拖投注为：辽宁1注山东1注深圳1注。,一等奖中奖情况：辽宁1注江苏2注山东3注广东2注陕西1注深圳1注共10注。其中复式或胆拖投注为：辽宁1注山东1注深圳1注。
2018-11-25,安徽1注广东1注陕西1注共3注。其中复式或胆拖投注为：0注。,一等奖中奖情况：安徽1注广东1注陕西1注共3注。其中复式或胆拖投注为：0注。
2018-11-22,内蒙古1注吉林1注江苏6注重庆1注四川1注共10注。其中复式或胆拖投注为：内蒙古1注重庆1注。,一等奖中奖情况：内蒙古1注吉林1注江苏6注重庆1注四川1注共10注。其中复式或胆拖投注为：内蒙古1注重庆1注。
2018-11-20,河北2注辽宁1注湖北1注广东1注云南1注共6注。其中复式或胆拖投注为：湖北1注广东1注云南1注。,一等奖中奖情况：河北2注辽宁1注湖北1注广东1注云南1注共6注。其中复式或胆拖投注为：湖北1注广东1注云南1注。
2018-11-18,北京1注山西1注辽宁1注河南1注共4注。其中复式或胆拖投注为：北京1注辽宁1注。,一等奖中奖情况：北京1注山西1注辽宁1注河南1注共4注。其中复式或胆拖投注为：北京1注辽宁1注。
2018-11-15,北京1注辽宁1注江苏1注安徽1注福建1注江西1注山东1注河南1注湖南1注四川1注贵州1注共11注。其中复式或胆拖投注为：辽宁1注江苏1注福建1注江西1注山东1注湖南1注四川1注。,一等奖中奖情况：北京1注辽宁1注江苏1注安徽1注福建1注江西1注山东1注河南1注湖南1注四川1注贵州1注共11注。其中复式或胆拖投注为：辽宁1注江苏1注福建1注江西1注山东1注湖南1注四川1注。
2018-11-13,广东1注甘肃2注共3注。其中复式或胆拖投注为：甘肃2注。,一等奖中奖情况：广东1注甘肃2注共3注。其中复式或胆拖投注为：甘肃2注。
2018-11-11,辽宁1注黑龙江1注浙江1注河南1注广东5注贵州1注云南2注共12注。其中复式或胆拖投注为：黑龙江1注浙江1注贵州1注云南2注。,一等奖中奖情况：辽宁1注黑龙江1注浙江1注河南1注广东5注贵州1注云南2注共12注。其中复式或胆拖投注为：黑龙江1注浙江1注贵州1注云南2注。
2018-11-08,河北1注浙江1注共2注。其中复式或胆拖投注为：河北1注。,一等奖中奖情况：河北1注浙江1注共2注。其中复式或胆拖投注为：河北1注。
2018-11-06,北京1注山西1注黑龙江1注上海1注江苏1注浙江2注山东2注湖南2注广东1注海南1注四川3注陕西1注共17注。其中复式或胆拖投注为：北京1注黑龙江1注上海1注山东2注湖南2注广东1注海南1注四川3注陕西1注。,一等奖中奖情况：北京1注山西1注黑龙江1注上海1注江苏1注浙江2注山东2注湖南2注广东1注海南1注四川3注陕西1注共17注。其中复式或胆拖投注为：北京1注黑龙江1注上海1注山东2注湖南2注广东1注海南1注四川3注陕西1注。
2018-11-04,北京1注辽宁1注山东2注河南1注湖南1注四川1注共7注。其中复式或胆拖投注为：山东2注湖南1注四川1注。,一等奖中奖情况：北京1注辽宁1注山东2注河南1注湖南1注四川1注共7注。其中复式或胆拖投注为：山东2注湖南1注四川1注。
2018-11-01,内蒙古1注辽宁2注江苏1注安徽1注福建2注山东1注河南1注广东1注甘肃1注共11注。其中复式或胆拖投注为：内蒙古1注江苏1注福建2注山东1注河南1注甘肃1注。,一等奖中奖情况：内蒙古1注辽宁2注江苏1注安徽1注福建2注山东1注河南1注广东1注甘肃1注共11注。其中复式或胆拖投注为：内蒙古1注江苏1注福建2注山东1注河南1注甘肃1注。
2018-10-30,内蒙古1注上海3注浙江1注安徽1注福建2注山东1注湖南1注广东1注陕西1注新疆1注共13注。其中复式或胆拖投注为：内蒙古1注上海3注安徽1注湖南1注广东1注陕西1注新疆1注。,一等奖中奖情况：内蒙古1注上海3注浙江1注安徽1注福建2注山东1注湖南1注广东1注陕西1注新疆1注共13注。其中复式或胆拖投注为：内蒙古1注上海3注安徽1注湖南1注广东1注陕西1注新疆1注。
2018-10-28,安徽1注湖南3注贵州1注云南2注青海1注共8注。其中复式或胆拖投注为：湖南3注贵州1注云南1注。,一等奖中奖情况：安徽1注湖南3注贵州1注云南2注青海1注共8注。其中复式或胆拖投注为：湖南3注贵州1注云南1注。
2018-10-25,河北1注内蒙古1注辽宁1注共3注。其中复式或胆拖投注为：河北1注辽宁1注。,一等奖中奖情况：河北1注内蒙古1注辽宁1注共3注。其中复式或胆拖投注为：河北1注辽宁1注。
2018-10-23,山东1注湖南1注广东1注青海1注共4注。其中复式或胆拖投注为：山东1注湖南1注广东1注。,一等奖中奖情况：山东1注湖南1注广东1注青海1注共4注。其中复式或胆拖投注为：山东1注湖南1注广东1注。
2018-10-21,河南1注湖北1注广东1注贵州1注云南1注甘肃1注共6注。其中复式或胆拖投注为：河南1注贵州1注。,一等奖中奖情况：河南1注湖北1注广东1注贵州1注云南1注甘肃1注共6注。其中复式或胆拖投注为：河南1注贵州1注。
2018-10-18,河北1注山西1注辽宁1注黑龙江1注江苏2注浙江4注安徽1注福建2注江西1注山东1注���南1注湖南1注广东1注四川3注贵州2注云南4注甘肃1注青海1注新疆2注共31注。,一等奖中奖情况：河北1注山西1注辽宁1注黑龙江1注江苏2注浙江4注安徽1注福建2注江西1注山东1注���南1注湖南1注广东1注四川3注贵州2注云南4注甘肃1注青海1注新疆2注共31注。
2018-10-16,辽宁1注浙江2注江西1注湖北1注广东3注广西1注四川2注共11注。,一等奖中奖情况：辽宁1注浙江2注江西1注湖北1注广东3注广西1注四川2注共11注。
2018-10-14,天津1注河北2注辽宁1注湖北1注共5注。,一等奖中奖情况：天津1注河北2注辽宁1注湖北1注共5注。
2018-10-11,河北2注山西1注黑龙江1注湖南2注广东1注广西2注深圳1注共10注。,一等奖中奖情况：河北2注山西1注黑龙江1注湖南2注广东1注广西2注深圳1注共10注。
2018-10-09,浙江1注重庆1注湖北2注广东1注贵州1注深圳1注共7注。,一等奖中奖情况：浙江1注重庆1注湖北2注广东1注贵州1注深圳1注共7注。
2018-10-07,北京1注江苏1注山东1注广东1注四川2注共6注。,一等奖中奖情况：北京1注江苏1注山东1注广东1注四川2注共6注。
2018-10-04,内蒙古5注黑龙江1注浙江4注重庆2注湖南30注广西1注陕西1注共44注。,一等奖中奖情况：内蒙古5注黑龙江1注浙江4注重庆2注湖南30注广西1注陕西1注共44注。
2018-10-02,广东1注共1注。,一等奖中奖情况：广东1注共1注。
2018-09-30,天津1注浙江1注福建1注四川1注贵州1注宁夏1注共6注。,一等奖中奖情况：天津1注浙江1注福建1注四川1注贵州1注宁夏1注共6注。
2018-09-27,北京1注河北2注江西5注广东1注云南1注深圳1注共11注。,一等奖中奖情况：北京1注河北2注江西5注广东1注云南1注深圳1注共11注。
2018-09-25,河北1注辽宁1注江苏1注山东1注湖南2注四川1注陕西1注新疆3注共11注。,一等奖中奖情况：河北1注辽宁1注江苏1注山东1注湖南2注四川1注陕西1注新疆3注共11注。
2018-09-23,北京1注辽宁1注上海1注浙江1注江西1注山东1注河南1注湖南1注四川2注陕西1注共11注。,一等奖中奖情况：北京1注辽宁1注上海1注浙江1注江西1注山东1注河南1注湖南1注四川2注陕西1注共11注。
2018-09-20,吉林1注重庆1注共2注。,一等奖中奖情况：吉林1注重庆1注共2注。
2018-09-18,黑龙江1注江苏1注山东1注四川1注共4注。,一等奖中奖情况：黑龙江1注江苏1注山东1注四川1注共4注。
2018-09-16,北京1注河北2注上海5注浙江1注福建1注山东1注湖北6注广西1注四川1注贵州1注陕西1注甘肃1注共22注。,一等奖中奖情况：北京1注河北2注上海5注浙江1注福建1注山东1注湖北6注广西1注四川1注贵州1注陕西1注甘肃1注共22注。
2018-09-13,辽宁1注浙江1注江西1注山东1注广西2注共6注。,一等奖中奖情况：辽宁1注浙江1注江西1注山东1注广西2注共6注。
2018-09-11,北京1注辽宁2注山东1注共4注。,一等奖中奖情况：北京1注辽宁2注山东1注共4注。
2018-09-09,北京1注上海1注江苏3注安徽2注河南10注共17注。,一等奖中奖情况：北京1注上海1注江苏3注安徽2注河南10注共17注。
2018-09-06,北京1注辽宁1注上海1注山东1注广东1注共5注。,一等奖中奖情况：北京1注辽宁1注上海1注山东1注广东1注共5注。
2018-09-04,吉林1注福建1注江西1注山东2注四川1注新疆1注共7注。,一等奖中奖情况：吉林1注福建1注江西1注山东2注四川1注新疆1注共7注。
2018-09-02,浙江1注福建1注山东1注四川1注共4注。,一等奖中奖情况：浙江1注福建1注山东1注四川1注共4注。
2018-08-30,河北1注浙江2注广东2注共5注。,一等奖中奖情况：河北1注浙江2注广东2注共5注。
2018-08-28,河北1注山东1注河南1注共3注。,一等奖中奖情况：河北1注山东1注河南1注共3注。
2018-08-26,河北1注山西2注黑龙江1注浙江1注安徽1注湖北1注广东1注四川2注云南1注新疆1注共12注。,一等奖中奖情况：河北1注山西2注黑龙江1注浙江1注安徽1注湖北1注广东1注四川2注云南1注新疆1注共12注。
2018-08-23,山西2注辽宁1注江苏1注安徽2注福建1注山东1注重庆1注共9注。,一等奖中奖情况：山西2注辽宁1注江苏1注安徽2注福建1注山东1注重庆1注共9注。
2018-08-21,广东1注共1注。,一等奖中奖情况：广东1注共1注。
2018-08-19,上海1注江苏1注浙江1注河南1注广东3注四川7注贵州5注云南1注甘肃1注青海1注新疆1注共23注。,一等奖中奖情况：上海1注江苏1注浙江1注河南1注广东3注四川7注贵州5注云南1注甘肃1注青海1注新疆1注共23注。
2018-08-16,辽宁2注福建1注广东1注共4注。,一等奖中奖情况：辽宁2注福建1注广东1注共4注。
2018-08-14,共0注。,一等奖中奖情况：共0注。
2018-08-12,上海1注浙江1注贵州1注共3注。,一等奖中奖情况：上海1注浙江1注贵州1注共3注。
2018-08-09,天津1注共1注。,一等奖中奖情况：天津1注共1注。
2018-08-07,北京1注江苏1注浙江2注共4注。,一等奖中奖情况：北京1注江苏1注浙江2注共4注。
2018-08-05,北京3注辽宁3注安徽1注福建1注江西1注山东1注湖南1注云南1注共12注。,一等奖中奖情况：北京3注辽宁3注安徽1注福建1注江西1注山东1注湖南1注云南1注共12注。
2018-08-02,山西1注江苏1注浙江1注重庆1注陕西1注共5注。,一等奖中奖情况：山西1注江苏1注浙江1注重庆1注陕西1注共5注。
2018-07-31,山西1注浙江1注湖北1注湖南1注广东4注共8注。,一等奖中奖情况：山西1注浙江1注湖北1注湖南1注广东4注共8注。
2018-07-29,重庆2注甘肃1注共3注。,一等奖中奖情况：重庆2注甘肃1注共3注。
2018-07-26,江苏1注浙江2注安徽1注湖北1注广东2注陕西1注深圳10注共18注。,一等奖中奖情况：江苏1注浙江2注安徽1注湖北1注广东2注陕西1注深圳10注共18注。
2018-07-24,天津1注浙江1注重庆1注广西3注云南2注共8注。,一等奖中奖情况：天津1注浙江1注重庆1注广西3注云南2注共8注。
2018-07-22,北京1注内蒙古1注黑龙江1注上海1注福建1注江西1注山东2注河南1注湖北1注广东1注云南1注甘肃1注共13注。,一等奖中奖情况：北京1注内蒙古1注黑龙江1注上海1注福建1注江西1注山东2注河南1注湖北1注广东1注云南1注甘肃1注共13注。
2018-07-19,江苏2注广东8注云南1注共11注。,一等奖中奖情况：江苏2注广东8注云南1注共11注。
2018-07-17,河北3注浙江1注河南3注四川1注共8注。,一等奖中奖情况：河北3注浙江1注河南3注四川1注共8注。
2018-07-15,山西1注吉林1注上海2注陕西1注共5注。,一等奖中奖情况：山西1注吉林1注上海2注陕西1注共5注。
2018-07-12,河北2注浙江1注重庆1注湖南1注广西1注共6注。,一等奖中奖情况：河北2注浙江1注重庆1注湖南1注广西1注共6注。
2018-07-10,浙江1注福建1注共2注。,一等奖中奖情况：浙江1注福建1注共2注。
2018-07-08,内蒙古1注吉林1注江苏1注浙江2注山东1注共6注。,一等奖中奖情况：内蒙古1注吉林1注江苏1注浙江2注山东1注共6注。
2018-07-05,河北2注辽宁1注浙江1注重庆1注广西1注四川1注共7注。,一等奖中奖情况：河北2注辽宁1注浙江1注重庆1注广西1注四川1注共7注。
2018-07-03,河北3注辽宁4注吉林1注黑龙江2注山东1注河南1注湖北2注湖南2注广东1注海南1注四川1注贵州1注云南1注深圳1注共22注。,一等奖中奖情况：河北3注辽宁4注吉林1注黑龙江2注山东1注河南1注湖北2注湖南2注广东1注海南1注四川1注贵州1注云南1注深圳1注共22注。
2018-07-01,上海5注江苏1注山东1注重庆1注广东4注广西1注四川1注陕西3注共17注。,一等奖中奖情况：上海5注江苏1注山东1注重庆1注广东4注广西1注四川1注陕西3注共17注。
2018-06-28,辽宁1注黑龙江1注江苏1注浙江1注安徽1注山东2注云南1注陕西1注共9注。,一等奖中奖情况：辽宁1注黑龙江1注江苏1注浙江1注安徽1注山东2注云南1注陕西1注共9注。
2018-06-26,河北2注内蒙古2注江西3注山东1注共8注。,一等奖中奖情况：河北2注内蒙古2注江西3注山东1注共8注。
2018-06-24,河北1注内蒙古1注黑龙江1注浙江1注安徽1注山东1注湖北2注广东1注广西5注贵州1注云南1注陕西1注新疆2注共19注。,一等奖中奖情况：河北1注内蒙古1注黑龙江1注浙江1注安徽1注山东1注湖北2注广东1注广西5注贵州1注云南1注陕西1注新疆2注共19注。
2018-06-21,黑龙江4注江苏1注浙江2注安徽1注重庆1注共9注。,一等奖中奖情况：黑龙江4注江苏1注浙江2注安徽1注重庆1注共9注。
2018-06-19,内蒙古1注上海1注安徽1注江西2注广西2注宁夏6注共13注。,一等奖中奖情况：内蒙古1注上海1注安徽1注江西2注广西2注宁夏6注共13注。
2018-06-17,浙江2注重庆1注广东1注广西1注共5注。,一等奖中奖情况：浙江2注重庆1注广东1注广西1注共5注。
2018-06-14,北京1注湖南1注广东1注共3注。,一等奖中奖情况：北京1注湖南1注广东1注共3注。
2018-06-12,北京1注安徽1注山东2注海南1注贵州1注云南1注新疆1注共8注。,一等奖中奖情况：北京1注安徽1注山东2注海南1注贵州1注云南1注新疆1注共8注。
2018-06-10,浙江1注江西5注广东3注四川1注共10注。,一等奖中奖情况：浙江1注江西5注广东3注四川1注共10注。
2018-06-07,北京1注内蒙古1注安徽1注广东1注四川2注共6注。,一等奖中奖情况：北京1注内蒙古1注安徽1注广东1注四川2注共6注。
2018-06-05,北京1注河北1注辽宁1注浙江1注山东1注湖北1注广东1注广西2注四川1注甘肃1注深圳1注共12注。,一等奖中奖情况：北京1注河北1注辽宁1注浙江1注山东1注湖北1注广东1注广西2注四川1注甘肃1注深圳1注共12注。
2018-06-03,河北1注辽宁1注上海1注浙江5注福建5注山东2注河南2注湖北3注湖南1注广东1注广西1注四川1注宁夏2注深圳1注共27注。,一等奖中奖情况：河北1注辽宁1注上海1注浙江5注福建5注山东2注河南2注湖北3注湖南1注广东1注广西1注四川1注宁夏2注深圳1注共27注。
2018-05-31,山东1注重庆1注广西1注四川2注甘肃1注共6注。,一等奖中奖情况：山东1注重庆1注广西1注四川2注甘肃1注共6注。
2018-05-29,河北1注山西1注上海1注江苏2注浙江1注重庆1注湖北2注广东4注四川1注贵州1注共15注。,一等奖中奖情况：河北1注山西1注上海1注江苏2注浙江1注重庆1注湖北2注广东4注四川1注贵州1注共15注。
2018-05-27,辽宁1注江苏1注福建1注湖北1注广东1注共5注。,一等奖中奖情况：辽宁1注江苏1注福建1注湖北1注广东1注共5注。
2018-05-24,山西1注江苏1注贵州1注云南1注甘肃1注共5注。,一等奖中奖情况：山西1注江苏1注贵州1注云南1注甘肃1注共5注。
2018-05-22,辽宁5注陕西5注深圳1注共11注。,一等奖中奖情况：辽宁5注陕西5注深圳1注共11注。
2018-05-20,河北1注吉林1注福建1注山东1注重庆1注广东1注海南1注四川1注宁夏1注共9注。,一等奖中奖情况：河北1注吉林1注福建1注山东1注重庆1注广东1注海南1注四川1注宁夏1注共9注。
2018-05-17,上海2注山东3注广东1注四川1注共7注。,一等奖中奖情况：上海2注山东3注广东1注四川1注共7注。
2018-05-15,河北1注江苏2注浙江1注山东3注广西1注新疆1注深圳30注共39注。,一等奖中奖情况：河北1注江苏2注浙江1注山东3注广西1注新疆1注深圳30注共39注。
2018-05-13,河北1注江苏1注湖北1注新疆1注共4注。,一等奖中奖情况：河北1注江苏1注湖北1注新疆1注共4注。
2018-05-10,辽宁1注黑龙江2注浙江1注河南1注广东1注四川1注贵州1注共8注。,一等奖中奖情况：辽宁1注黑龙江2注浙江1注河南1注广东1注四川1注贵州1注共8注。
2018-05-08,河北1注山西1注辽宁1注山东1注共4注。,一等奖中奖情况：河北1注山西1注辽宁1注山东1注共4注。
2018-05-06,江苏1注山东1注广东1注甘肃1注宁夏1注共5注。,一等奖中奖情况：江苏1注山东1注广东1注甘肃1注宁夏1注共5注。
2018-05-03,吉林1注黑龙江1注浙江2注重庆1注云南1注新疆1注共7注。,一等奖中奖情况：吉林1注黑龙江1注浙江2注重庆1注云南1注新疆1注共7注。
2018-05-01,浙江6注山东1注共7注。,一等奖中奖情况：浙江6注山东1注共7注。
2018-04-29,天津1注浙江1注广西1注四川1注共4注。,一等奖中奖情况：天津1注浙江1注广西1注四川1注共4注。
2018-04-26,上海2注浙江1注福建1注江西1注山东2注湖北1注湖南1注共9注。,一等奖中奖情况：上海2注浙江1注福建1注江西1注山东2注湖北1注湖南1注共9注。
2018-04-24,辽宁1注安徽1注共2注。,一等奖中奖情况：辽宁1注安徽1注共2注。
2018-04-22,山东1注广西1注甘肃1注共3注。,一等奖中奖情况：山东1注广西1注甘肃1注共3注。
2018-04-19,北京1注天津1注内蒙古1注黑龙江1注江苏1注浙江1注江西1注山东4注湖北1注湖南2注广东2注广西3注四川1注甘肃1注新疆1注共22注。,一等奖中奖情况：北京1注天津1注内蒙古1注黑龙江1注江苏1注浙江1注江西1注山东4注湖北1注湖南2注广东2注广西3注四川1注甘肃1注新疆1注共22注。
2018-04-17,河北1注内蒙古2注浙江1注湖北1注广东1注共6注。,一等奖中奖情况：河北1注内蒙古2注浙江1注湖北1注广东1注共6注。
2018-04-15,黑龙江1注山东3注重庆1注河南1注湖北5注广东1注广西2注共14注。,一等奖中奖情况：黑龙江1注山东3注重庆1注河南1注湖北5注广东1注广西2注共14注。
2018-04-12,河北1注江苏1注浙江1注四川1注共4注。,一等奖中奖情况：河北1注江苏1注浙江1注四川1注共4注。
2018-04-10,河北1注山西1注辽宁1注上海1注江苏1注河南1注广东2注云南1注西藏1注深圳1注共11注。,一等奖中奖情况：河北1注山西1注辽宁1注上海1注江苏1注河南1注广东2注云南1注西藏1注深圳1注共11注。
2018-04-08,江西1注山东2注河南1注湖南1注广东1注共6注。,一等奖中奖情况：江西1注山东2注河南1注湖南1注广东1注共6注。
2018-04-05,江苏1注浙江1注广西1注新疆1注深圳1注共5注。,一等奖中奖情况：江苏1注浙江1注广西1注新疆1注深圳1注共5注。
2018-04-03,河北2注辽宁2注吉林2注山东2注云南1注陕西3注共12注。,一等奖中奖情况：河北2注辽宁2注吉林2注山东2注云南1注陕西3注共12注。
2018-04-01,江苏1注陕西1注深圳2注共4注。,一等奖中奖情况：江苏1注陕西1注深圳2注共4注。
2018-03-29,浙江1注湖南1注广东1注广西1注四川1注深圳1注共6注。,一等奖中奖情况：浙江1注湖南1注广东1注广西1注四川1注深圳1注共6注。
2018-03-27,辽宁1注吉林1注安徽2注山东1注河南2注广东1注共8注。,一等奖中奖情况：辽宁1注吉林1注安徽2注山东1注河南2注广东1注共8注。
2018-03-25,上海1注安徽1注江西1注共3注。,一等奖中奖情况：上海1注安徽1注江西1注共3注。
2018-03-22,天津1注福建1注广西1注共3注。,一等奖中奖情况：天津1注福建1注广西1注共3注。
2018-03-20,内蒙古1注江苏1注福建1注共3注。,一等奖中奖情况：内蒙古1注江苏1注福建1注共3注。
2018-03-18,江苏1注共1注。,一等奖中奖情况：江苏1注共1注。
2018-03-15,山西1注辽宁2注浙江1注河南1注共5注。,一等奖中奖情况：山西1注辽宁2注浙江1注河南1注共5注。
2018-03-13,天津1注内蒙古1注上海1注浙江1注山东1注河南1注广东1注共7注。,一等奖中奖情况：天津1注内蒙古1注上海1注浙江1注山东1注河南1注广东1注共7注。
2018-03-11,江苏1注福建1注山东2注湖北2注共6注。,一等奖中奖情况：江苏1注福建1注山东2注湖北2注共6注。
2018-03-08,江苏1注江西1注山东1注湖南1注广西2注共6注。,一等奖中奖情况：江苏1注江西1注山东1注湖南1注广西2注共6注。
2018-03-06,广西1注共1注。,一等奖中奖情况：广西1注共1注。
2018-03-04,黑龙江1注江西1注河南1注湖南1注广东4注云南1注共9注。,一等奖中奖情况：黑龙江1注江西1注河南1注湖南1注广东4注云南1注共9注。
2018-03-01,北京1注天津1注江苏1注共3注。,一等奖中奖情况：北京1注天津1注江苏1注共3注。
2018-02-27,辽宁1注黑龙江1注山东1注湖南1注云南1注陕西1注共6注。,一等奖中奖情况：辽宁1注黑龙江1注山东1注湖南1注云南1注陕西1注共6注。
2018-02-25,辽宁1注江苏1注陕西1注共3注。,一等奖中奖情况：辽宁1注江苏1注陕西1注共3注。
2018-02-22,北京20注河北1注山西1注福建2注江西1注山东2注四川2注陕西1注宁夏2注新疆1注共33注。,一等奖中奖情况：北京20注河北1注山西1注福建2注江西1注山东2注四川2注陕西1注宁夏2注新疆1注共33注。
2018-02-13,北京2注河北1注黑龙江1注江苏1注浙江1注山东1注广西1注共8注。,一等奖中奖情况：北京2注河北1注黑龙江1注江苏1注浙江1注山东1注广西1注共8注。
2018-02-11,辽宁1注黑龙江1注江苏1注浙江1注江西2注湖北2注湖南2注广东1注四川1注共12注。,一等奖中奖情况：辽宁1注黑龙江1注江苏1注浙江1注江西2注湖北2注湖南2注广东1注四川1注共12注。
2018-02-08,内蒙古1注浙江1注福建1注广东1注广西1注共5注。,一等奖中奖情况：内蒙古1注浙江1注福建1注广东1注广西1注共5注。
2018-02-06,北京2注山东2注共4注。,一等奖中奖情况：北京2注山东2注共4注。
2018-02-04,内蒙古1注浙江1注安徽1注重庆1注广西2注共6注。,一等奖中奖情况：内蒙古1注浙江1注安徽1注重庆1注广西2注共6注。
2018-02-01,江苏4注山东1注湖北1注广东1注深圳10注共17注。,一等奖中奖情况：江苏4注山东1注湖北1注广东1注深圳10注共17注。
2018-01-30,江苏1注江西2注河南2注广东3注贵州1注共9注。,一等奖中奖情况：江苏1注江西2注河南2注广东3注贵州1注共9注。
2018-01-28,山西1注上海1注江苏2注湖北1注广西1注西藏1注深圳1注共8注。,一等奖中奖情况：山西1注上海1注江苏2注湖北1注广西1注西藏1注深圳1注共8注。
2018-01-25,山西1注上海1注安徽1注河南2注湖南1注广西2注共8注。,一等奖中奖情况：山西1注上海1注安徽1注河南2注湖南1注广西2注共8注。
2018-01-23,北京1注辽宁1注重庆1注广东1注云南2注共6注。,一等奖中奖情况：北京1注辽宁1注重庆1注广东1注云南2注共6注。
2018-01-21,北京5注山西1注江苏2注河南2注湖北2注广东2注四川2注云南1注共17注。,一等奖中奖情况：北京5注山西1注江苏2注河南2注湖北2注广东2注四川2注云南1注共17注。
2018-01-18,北京6注辽宁1注吉林1注湖北2注广东1注共11注。,一等奖中奖情况：北京6注辽宁1注吉林1注湖北2注广东1注共11注。
2018-01-16,河北2注浙江2注山东1注湖北1注广东1注广西1注共8注。,一等奖中奖情况：河北2注浙江2注山东1注湖北1注广东1注广西1注共8注。
2018-01-14,北京3注辽宁1注吉林1注上海1注山东4注广东1注共11注。,一等奖中奖情况：北京3注辽宁1注吉林1注上海1注山东4注广东1注共11注。
2018-01-11,北京1注共1注。,一等奖中奖情况：北京1注共1注。
2018-01-09,吉林1注浙江8注湖北1注广东1注甘肃1注深圳1注共13注。,一等奖中奖情况：吉林1注浙江8注湖北1注广东1注甘肃1注深圳1注共13注。
2018-01-07,河北1注山西1注安徽1注山东1注湖北1注共5注。,一等奖中奖情况：河北1注山西1注安徽1注山东1注湖北1注共5注。
2018-01-04,河北1注黑龙江1注四川1注共3注。,一等奖中奖情况：河北1注黑龙江1注四川1注共3注。
2018-01-02,黑龙江1注江苏1注浙江10注福建1注山东1注湖北2注湖南1注广西1注四川1注甘肃1注宁夏1注深圳1注共22注。,一等奖中奖情况：黑龙江1注江苏1注浙江10注福建1注山东1注湖北2注湖南1注广西1注四川1注甘肃1注宁夏1注深圳1注共22注。
2017-12-31,河北1注浙江1注安徽1注江西1注山东1注湖北1注广东2注广西1注四川1注甘肃1注共11注。,一等奖中奖情况：河北1注浙江1注安徽1注江西1注山东1注湖北1注广东2注广西1注四川1注甘肃1注共11注。
2017-12-28,北京1注山西1注浙江1注湖北1注共4注。,一等奖中奖情况：北京1注山西1注浙江1注湖北1注共4注。
2017-12-26,吉林1注浙江1注福建1注山东1注重庆2注四川1注陕西1注共8注。,一等奖中奖情况：吉林1注浙江1注福建1注山东1注重庆2注四川1注陕西1注共8注。
2017-12-24,辽宁1注江苏3注安徽1注福建1注共6注。,一等奖中奖情况：辽宁1注江苏3注安徽1注福建1注共6注。
2017-12-21,安徽1注重庆1注湖北1注广东1注四川1注云南2注新疆1注深圳1注共9注。,一等奖中奖情况：安徽1注重庆1注湖北1注广东1注四川1注云南2注新疆1注深圳1注共9注。
2017-12-19,河北3注内蒙古2注辽宁4注吉林1注黑龙江3注上海7注江苏6注浙江3注安徽2注福建2注江西1注山东6注重庆3注河南4注湖北1注湖南3注广东2注广西3注四川4注贵州1注陕西1注甘肃1注新疆1注深圳3注共67注。其中复式投注为：河北2注内蒙古1注辽宁4注吉林1注黑龙江3注上海5注江苏2注浙江2注安徽2注福建2注江西1注山东4注重庆3注河南3注湖北1注湖南2注广东1注广西1注四川3注贵州1注甘肃1注新疆1注深圳1注。,一等奖中奖情况：河北3注内蒙古2注辽宁4注吉林1注黑龙江3注上海7注江苏6注浙江3注安徽2注福建2注江西1注山东6注重庆3注河南4注湖北1注湖南3注广东2注广西3注四川4注贵州1注陕西1注甘肃1注新疆1注深圳3注共67注。其中复式投注为：河北2注内蒙古1注辽宁4注吉林1注黑龙江3注上海5注江苏2注浙江2注安徽2注福建2注江西1注山东4注重庆3注河南3注湖北1注湖南2注广东1注广西1注四川3注贵州1注甘肃1注新疆1注深圳1注。
2017-12-17,北京1注河北1注内蒙古2注辽宁1注江苏2注浙江4注山东2注四川2注贵州1注云南2注共18注。其中复式投注为：北京1注河北1注浙江2注山东2注四川2注云南2注。,一等奖中奖情况：北京1注河北1注内蒙古2注辽宁1注江苏2注浙江4注山东2注四川2注贵州1注云南2注共18注。其中复式投注为：北京1注河北1注浙江2注山东2注四川2注云南2注。
2017-12-14,山西1注上海1注安徽1注共3注。其中复式投注为：山西1注。,一等奖中奖情况：山西1注上海1注安徽1注共3注。其中复式投注为：山西1注。
2017-12-12,北京1注河北5注吉林1注江苏1注山东1注重庆1注湖北1注湖南6注广东1注四川2注贵州1注共21注。其中复式投注为：吉林1注山东1注重庆1注湖北1注湖南6注广东1注四川1注贵州1注。,一等奖中奖情况：北京1注河北5注吉林1注江苏1注山东1注重庆1注湖北1注湖南6注广东1注四川2注贵州1注共21注。其中复式投注为：吉林1注山东1注重庆1注湖北1注湖南6注广东1注四川1注贵州1注。
2017-12-10,河北1注山西1注内蒙古1注辽宁1注吉林1注黑龙江1注上海1注江苏1注浙江6注安徽1注山东2注重庆2注湖北1注湖南3注四川2注云南2注陕西2注甘肃1注深圳1注共31注。其中复式投注为：河北1注内蒙古1注辽宁1注吉林1注黑龙江1注江苏1注浙江3注安徽1注重庆2注湖北1注湖南2注四川2注云南1注陕西1注甘肃1注深圳1注。,一等奖中奖情况：河北1注山西1注内蒙古1注辽宁1注吉林1注黑龙江1注上海1注江苏1注浙江6注安徽1注山东2注重庆2注湖北1注湖南3注四川2注云南2注陕西2注甘肃1注深圳1注共31注。其中复式投注为：河北1注内蒙古1注辽宁1注吉林1注黑龙江1注江苏1注浙江3注安徽1注重庆2注湖北1注湖南2注四川2注云南1注陕西1注甘肃1注深圳1注。
2017-12-07,北京1注天津2注浙江1注江西1注四川1注云南2注共8注。其中复式投注为：北京1注天津2注四川1注。,一等奖中奖情况：北京1注天津2注浙江1注江西1注四川1注云南2注共8注。其中复式投注为：北京1注天津2注四川1注。
2017-12-05,河北1注辽宁1注上海6注山东1注广东1注青海1注新疆2注共13注。其中复式投注为：上海5注广东1注青海1注新疆2注。,一等奖中奖情况：河北1注辽宁1注上海6注山东1注广东1注青海1注新疆2注共13注。其中复式投注为：上海5注广东1注青海1注新疆2注。
2017-12-03,山西1注福建1注江西1注重庆1注河南1注新疆1注共6注。其中复式投注为：江西1注重庆1注新疆1注。,一等奖中奖情况：山西1注福建1注江西1注重庆1注河南1注新疆1注共6注。其中复式投注为：江西1注重庆1注新疆1注。
2017-11-30,江苏1注山东1注广东1注陕西1注共4注。其中复式投注为：江苏1注。,一等奖中奖情况：江苏1注山东1注广东1注陕西1注共4注。其中复式投注为：江苏1注。
2017-11-28,北京10注内蒙古1注江苏1注浙江1注安徽1注山东1注云南1注共16注。其中复式投注为：江苏1注浙江1注山东1注云南1注。,一等奖中奖情况：北京10注内蒙古1注江苏1注浙江1注安徽1注山东1注云南1注共16注。其中复式投注为：江苏1注浙江1注山东1注云南1注。
2017-11-26,山西1注河南2注广东1注四川1注陕西1注共6注。其中复式投注为：陕西1注。,一等奖中奖情况：山西1注河南2注广东1注四川1注陕西1注共6注。其中复式投注为：陕西1注。
2017-11-23,江苏1注浙江1注重庆1注广东1注四川2注共6注。其中复式投注为：重庆1注广东1注四川2注。,一等奖中奖情况：江苏1注浙江1注重庆1注广东1注四川2注共6注。其中复式投注为：重庆1注广东1注四川2注。
2017-11-21,天津1注内蒙古1注安徽2注广西1注四川1注云南1注共7注。其中复式投注为：安徽1注广西1注云南1注。,一等奖中奖情况：天津1注内蒙古1注安徽2注广西1注四川1注云南1注共7注。其中复式投注为：安徽1注广西1注云南1注。
2017-11-19,河北2注江苏3注浙江2注安徽4注广西1注四川1注陕西1注深圳5注共19注。其中复式投注为：浙江1注广西1注四川1注。,一等奖中奖情况：河北2注江苏3注浙江2注安徽4注广西1注四川1注陕西1注深圳5注共19注。其中复式投注为：浙江1注广西1注四川1注。
2017-11-16,山西1注山东3注广东1注广西1注贵州1注云南1注共8注。其中复式投注为：山西1注山东3注广西1注云南1注。,一等奖中奖情况：山西1注山东3注广东1注广西1注贵州1注云南1注共8注。其中复式投注为：山西1注山东3注广西1注云南1注。
2017-11-14,北京1注山西1注内蒙古1注吉林2注江苏1注浙江1注山东1注重庆1注四川3注陕西1注共13注。其中复式投注为：内蒙古1注吉林1注山东1注重庆1注。,一等奖中奖情况：北京1注山西1注内蒙古1注吉林2注江苏1注浙江1注山东1注重庆1注四川3注陕西1注共13注。其中复式投注为：内蒙古1注吉林1注山东1注重庆1注。
2017-11-12,河北2注辽宁1注上海1注湖北1注广东1注新疆1注共7注。其中复式投注为：河北1注上海1注。,一等奖中奖情况：河北2注辽宁1注上海1注湖北1注广东1注新疆1注共7注。其中复式投注为：河北1注上海1注。
2017-11-09,北京1注浙江2注广东1注广西1注云南1注共6注。其中复式投注为：浙江1注。,一等奖中奖情况：北京1注浙江2注广东1注广西1注云南1注共6注。其中复式投注为：浙江1注。
2017-11-07,河北2注辽宁2注吉林1注上海1注浙江1注安徽6注福建5注山东1注重庆1注河南4注湖南1注共25注。其中复式投注为：河北2注辽宁1注吉林1注浙江1注安徽1注河南1注。,一等奖中奖情况：河北2注辽宁2注吉林1注上海1注浙江1注安徽6注福建5注山东1注重庆1注河南4注湖南1注共25注。其中复式投注为：河北2注辽宁1注吉林1注浙江1注安徽1注河南1注。
2017-11-05,浙江1注安徽1注四川3注共5注。其中复式投注为：浙江1注四川1注。,一等奖中奖情况：浙江1注安徽1注四川3注共5注。其中复式投注为：浙江1注四川1注。
2017-11-02,山西1注���宁1注广西1注共3注。,一等奖中奖情况：山西1注���宁1注广西1注共3注。
2017-10-31,天津2注辽宁1注山东4注重庆1注湖北1注湖南1注广东1注云南1注甘肃1注共13注。,一等奖中奖情况：天津2注辽宁1注山东4注重庆1注湖北1注湖南1注广东1注云南1注甘肃1注共13注。
2017-10-29,上海1注江苏1注广东1注甘肃1注共4注。,一等奖中奖情况：上海1注江苏1注广东1注甘肃1注共4注。
2017-10-26,浙江1注福建6注云南1注共8注。,一等奖中奖情况：浙江1注福建6注云南1注共8注。
2017-10-24,上海1注安徽1注山东2注广东1注新疆1注共6注。,一等奖中奖情况：上海1注安徽1注山东2注广东1注新疆1注共6注。
2017-10-22,河北1注上海1注安徽1注福建1注河南1注湖南1注广西1注青海1注共8注。,一等奖中奖情况：河北1注上海1注安徽1注福建1注河南1注湖南1注广西1注青海1注共8注。
2017-10-19,山西1注内蒙古1注上海1注江苏2注福建2注重庆1注河南2注湖北1注湖南2注四川1注贵州2注共16注。,一等奖中奖情况：山西1注内蒙古1注上海1注江苏2注福建2注重庆1注河南2注湖北1注湖南2注四川1注贵州2注共16注。
2017-10-17,江苏2注河南2注共4注。,一等奖中奖情况：江苏2注河南2注共4注。
2017-10-15,浙江2注福建1注湖北1注云南1注共5注。,一等奖中奖情况：浙江2注福建1注湖北1注云南1注共5注。
2017-10-12,河北1注辽宁1注安徽1注四川1注云南1注共5注。,一等奖中奖情况：河北1注辽宁1注安徽1注四川1注云南1注共5注。
2017-10-10,河北1注江苏2注浙江1注安徽1注重庆2注河南1注海南1注四川1注陕西1注共11注。,一等奖中奖情况：河北1注江苏2注浙江1注安徽1注重庆2注河南1注海南1注四川1注陕西1注共11注。
2017-10-08,浙江1注福建1注重庆1注河南1注湖南8注共12注。,一等奖中奖情况：浙江1注福建1注重庆1注河南1注湖南8注共12注。
2017-10-05,山东1注广东1注陕西1注共3注。,一等奖中奖情况：山东1注广东1注陕西1注共3注。
2017-10-03,辽宁1注江苏1注河南1注湖北1注广东1注海南1注四川1注云南2注共9注。,一等奖中奖情况：辽宁1注江苏1注河南1注湖北1注广东1注海南1注四川1注云南2注共9注。
2017-10-01,广东3注广西2注云南1注共6注。,一等奖中奖情况：广东3注广西2注云南1注共6注。
2017-09-28,上海1注山东1注湖北1注深圳1注共4注。,一等奖中奖情况：上海1注山东1注湖北1注深圳1注共4注。
2017-09-26,河北1注辽宁1注山东2注共4注。,一等奖中奖情况：河北1注辽宁1注山东2注共4注。
2017-09-24,广东1注陕西1注共2注。,一等奖中奖情况：广东1注陕西1注共2注。
2017-09-21,黑龙江1注江苏1注浙江4注福建1注重庆2注湖北2注广东5注共16注。,一等奖中奖情况：黑龙江1注江苏1注浙江4注福建1注重庆2注湖北2注广东5注共16注。
2017-09-19,河北1注安徽1注湖北1注共3注。,一等奖中奖情况：河北1注安徽1注湖北1注共3注。
2017-09-17,黑龙江1注贵州1注云南2注共4注。,一等奖中奖情况：黑龙江1注贵州1注云南2注共4注。
2017-09-14,山西1注内蒙古1注江西1注山东1注重庆2注共6注。,一等奖中奖情况：山西1注内蒙古1注江西1注山东1注重庆2注共6注。
2017-09-12,北京1注上海15注江西1注广东1注宁夏1注共19注。,一等奖中奖情况：北京1注上海15注江西1注广东1注宁夏1注共19注。
2017-09-10,河北1注吉林1注福建1注湖南1注共4注。,一等奖中奖情况：河北1注吉林1注福建1注湖南1注共4注。
2017-09-07,河北1注山西2注辽宁2注上海2注江苏1注浙江4注山东2注河南2注湖南4注广东2注广西6注宁夏1注共29注。,一等奖中奖情况：河北1注山西2注辽宁2注上海2注江苏1注浙江4注山东2注河南2注湖南4注广东2注广西6注宁夏1注共29注。
2017-09-05,黑龙江1注贵州1注共2注。,一等奖中奖情况：黑龙江1注贵州1注共2注。
2017-09-03,山西1注山东1注重庆2注湖南1注广东3注贵州1注共9注。,一等奖中奖情况：山西1注山东1注重庆2注湖南1注广东3注贵州1注共9注。
2017-08-31,北京3注河北1注内蒙古1注辽宁1注黑龙江1注广东2注四川1注云南2注新疆1注深圳1注共14注。,一等奖中奖情况：北京3注河北1注内蒙古1注辽宁1注黑龙江1注广东2注四川1注云南2注新疆1注深圳1注共14注。
2017-08-29,广东1注甘肃1注共2注。,一等奖中奖情况：广东1注甘肃1注共2注。
2017-08-27,北京10注江苏2注浙江1注重庆1注湖南1注陕西1注共16注。,一等奖中奖情况：北京10注江苏2注浙江1注重庆1注湖南1注陕西1注共16注。
2017-08-24,天津15注河北1注内蒙古1注上海1注浙江2注安徽2注福建1注广东2注广西1注四川1注共27注。,一等奖中奖情况：天津15注河北1注内蒙古1注上海1注浙江2注安徽2注福建1注广东2注广西1注四川1注共27注。
2017-08-22,辽宁1注上海1注江苏1注浙江1注安徽1注江西4注山东1注湖南1注广东1注广西1注云南1注共14注。,一等奖中奖情况：辽宁1注上海1注江苏1注浙江1注安徽1注江西4注山东1注湖南1注广东1注广西1注云南1注共14注。
2017-08-20,河北1注上海1注浙江1注江西3注湖北1注广东1注广西1注新疆1注共10注。,一等奖中奖情况：河北1注上海1注浙江1注江西3注湖北1注广东1注广西1注新疆1注共10注。
2017-08-17,河北1注山西1注吉林1注黑龙江1注江西1注山东2注重庆2注湖北1注四川2注陕西1注新疆1注共14注。,一等奖中奖情况：河北1注山西1注吉林1注黑龙江1注江西1注山东2注重庆2注湖北1注四川2注陕西1注新疆1注共14注。
2017-08-15,吉林1注江苏2注浙江3注贵州7注云南1注共14注。,一等奖中奖情况：吉林1注江苏2注浙江3注贵州7注云南1注共14注。
2017-08-13,吉林1注安徽3注河南1注湖南1注广东1注四川1注云南1注共9注。,一等奖中奖情况：吉林1注安徽3注河南1注湖南1注广东1注四川1注云南1注共9注。
2017-08-10,江苏1注浙江2注安徽1注山东4注河南1注广东26注四川1注青海1注宁夏1注深圳1注共39注。,一等奖中奖情况：江苏1注浙江2注安徽1注山东4注河南1注广东26注四川1注青海1注宁夏1注深圳1注共39注。
2017-08-08,浙江1注河南3注共4注。,一等奖中奖情况：浙江1注河南3注共4注。
2017-08-06,山东2注云南1注新疆1注共4注。,一等奖中奖情况：山东2注云南1注新疆1注共4注。
2017-08-03,天津1注山东1注云南2注共4注。,一等奖中奖情况：天津1注山东1注云南2注共4注。
2017-08-01,辽宁1注河南1注共2注。,一等奖中奖情况：辽宁1注河南1注共2注。
2017-07-30,黑龙江1注上海1注江苏1注安徽2注江西2注山东1注广东2注共10注。,一等奖中奖情况：黑龙江1注上海1注江苏1注安徽2注江西2注山东1注广东2注共10注。
2017-07-27,天津1注江苏2注安徽1注山东1注河南2注广东2注广西1注贵州1注深圳2注共13注。,一等奖中奖情况：天津1注江苏2注安徽1注山东1注河南2注广东2注广西1注贵州1注深圳2注共13注。
2017-07-25,山东1注广西3注云南1注共5注。,一等奖中奖情况：山东1注广西3注云南1注共5注。
2017-07-23,浙江1注安徽1注江西1注重庆1注广东2注广西1注共7注。,一等奖中奖情况：浙江1注安徽1注江西1注重庆1注广东2注广西1注共7注。
2017-07-20,内蒙古1注辽宁1注安徽1注山东1注河南1注广东1注广西1注陕西2注共9注。,一等奖中奖情况：内蒙古1注辽宁1注安徽1注山东1注河南1注广东1注广西1注陕西2注共9注。
2017-07-18,河北1注江苏2注江西1注湖北1注湖南1注广东1注四川1注贵州1注云南2注新疆2注共13注。,一等奖中奖情况：河北1注江苏2注江西1注湖北1注湖南1注广东1注四川1注贵州1注云南2注新疆2注共13注。
2017-07-16,山西3注辽宁1注湖南1注广西1注四川3注共9注。,一等奖中奖情况：山西3注辽宁1注湖南1注广西1注四川3注共9注。
2017-07-13,河南3注宁夏1注共4注。,一等奖中奖情况：河南3注宁夏1注共4注。
2017-07-11,内蒙古1注辽宁2注浙江1注安徽1注河南2注广东3注共10注。,一等奖中奖情况：内蒙古1注辽宁2注浙江1注安徽1注河南2注广东3注共10注。
2017-07-09,黑龙江1注浙江1注福建1注山东1注河南1注共5注。,一等奖中奖情况：黑龙江1注浙江1注福建1注山东1注河南1注共5注。
2017-07-06,上海1注浙江1注山东3注重庆1注广东1注共7注。,一等奖中奖情况：上海1注浙江1注山东3注重庆1注广东1注共7注。
2017-07-04,内蒙古1注河南1注湖北1注贵州1注共4注。,一等奖中奖情况：内蒙古1注河南1注湖北1注贵州1注共4注。
2017-07-02,山西1注辽宁2注安徽1注重庆1注广东1注四川1注共7注。,一等奖中奖情况：山西1注辽宁2注安徽1注重庆1注广东1注四川1注共7注。
2017-06-29,河北1注上海1注浙江2注山东1注广东1注四川1注共7注。,一等奖中奖情况：河北1注上海1注浙江2注山东1注广东1注四川1注共7注。
2017-06-27,北京1注辽宁1注上海3注江苏1注安徽1注福建1注江西1注山东2注广东1注广西1注海南1注陕西1注深圳1注共16注。,一等奖中奖情况：北京1注辽宁1注上海3注江苏1注安徽1注福建1注江西1注山东2注广东1注广西1注海南1注陕西1注深圳1注共16注。
2017-06-25,上海3注安徽1注重庆1注河南1注广西1注四川1注深圳1注共9注。,一等奖中奖情况：上海3注安徽1注重庆1注河南1注广西1注四川1注深圳1注共9注。
2017-06-22,北京2注辽宁1注浙江1注福建3注山东3注深圳1注共11注。,一等奖中奖情况：北京2注辽宁1注浙江1注福建3注山东3注深圳1注共11注。
2017-06-20,天津2注安徽1注广东1注共4注。,一等奖中奖情况：天津2注安徽1注广东1注共4注。
2017-06-18,黑龙江1注上海1注浙江1注广西1注共4注。,一等奖中奖情况：黑龙江1注上海1注浙江1注广西1注共4注。
2017-06-15,江苏1注江西1注四川1注共3注。,一等奖中奖情况：江苏1注江西1注四川1注共3注。
2017-06-13,河北1注江苏1注浙江2注湖北3注共7注。,一等奖中奖情况：河北1注江苏1注浙江2注湖北3注共7注。
2017-06-11,河北4注上海1注江苏1注河南1注湖南1注云南1注深圳1注共10注。,一等奖中奖情况：河北4注上海1注江苏1注河南1注湖南1注云南1注深圳1注共10注。
2017-06-08,辽宁2注浙江1注湖南1注广东1注广西1注云南1注陕西1注共8注。,一等奖中奖情况：辽宁2注浙江1注湖南1注广东1注广西1注云南1注陕西1注共8注。
2017-06-06,天津1注辽宁1注黑龙江1注江苏2注安徽2注江西1注山东2注湖北1注广东1注云南1注陕西1注共14注。,一等奖中奖情况：天津1注辽宁1注黑龙江1注江苏2注安徽2注江西1注山东2注湖北1注广东1注云南1注陕西1注共14注。
2017-06-04,河北1注重庆2注广东1注四川1注共5注。,一等奖中奖情况：河北1注重庆2注广东1注四川1注共5注。
2017-06-01,河北1注广西2注四川1注共4注。,一等奖中奖情况：河北1注广西2注四川1注共4注。
2017-05-30,辽宁1注江西1注共2注。,一等奖中奖情况：辽宁1注江西1注共2注。
2017-05-28,北京2注辽宁6注吉林1注江苏2注浙江2注福建1注山东1注湖北1注广东2注广西2注深圳2注共22注。,一等奖中奖情况：北京2注辽宁6注吉林1注江苏2注浙江2注福建1注山东1注湖北1注广东2注广西2注深圳2注共22注。
2017-05-25,北京1注浙江1注湖南1注云南1注共4注。,一等奖中奖情况：北京1注浙江1注湖南1注云南1注共4注。
2017-05-23,北京1注河北1注辽宁2注黑龙江1注上海3注江苏1注安徽1注福建2注山东5注湖北2注广东3注四川1注新疆1注深圳2注共26注。,一等奖中奖情况：北京1注河北1注辽宁2注黑龙江1注上海3注江苏1注安徽1注福建2注山东5注湖北2注广东3注四川1注新疆1注深圳2注共26注。
2017-05-21,山西1注浙江1注安徽1注湖北1注湖南1注四川1注陕西1注深圳1注共8注。,一等奖中奖情况：山西1注浙江1注安徽1注湖北1注湖南1注四川1注陕西1注深圳1注共8注。
2017-05-18,河北1注上海5注安徽1注广东2注共9注。,一等奖中奖情况：河北1注上海5注安徽1注广东2注共9注。
2017-05-16,山西1注福建3注湖北1注广西1注四川1注云南1注共8注。,一等奖中奖情况：山西1注福建3注湖北1注广西1注四川1注云南1注共8注。
2017-05-14,北京1注天津1注河北1注辽宁1注江苏1注浙江1注重庆1注广东12注深圳1注共20注。,一等奖中奖情况：北京1注天津1注河北1注辽宁1注江苏1注浙江1注重庆1注广东12注深圳1注共20注。
2017-05-11,浙江1注广东1注共2注。,一等奖中奖情况：浙江1注广东1注共2注。
2017-05-09,福建1注江西1注湖南1注广东1注云南1注深圳1注共6注。,一等奖中奖情况：福建1注江西1注湖南1注广东1注云南1注深圳1注共6注。
2017-05-07,安徽1注福建2注河南1注陕西1注共5注。,一等奖中奖情况：安徽1注福建2注河南1注陕西1注共5注。
2017-05-04,河北1注山西2注内蒙古1注江苏1注福建1注山东1注湖北2注广西1注共10注。,一等奖中奖情况：河北1注山西2注内蒙古1注江苏1注福建1注山东1注湖北2注广西1注共10注。
2017-05-02,江苏2注浙江1注安徽1注四川1注共5注。,一等奖中奖情况：江苏2注浙江1注安徽1注四川1注共5注。
2017-04-30,重庆1注湖北1注广西4注甘肃1注共7注。,一等奖中奖情况：重庆1注湖北1注广西4注甘肃1注共7注。
2017-04-27,吉林1注江苏2注浙江2注河南2注广东1注广西1注四川1注甘肃1注共11注。,一等奖中奖情况：吉林1注江苏2注浙江2注河南2注广东1注广西1注四川1注甘肃1注共11注。
2017-04-25,北京1注河北1注上海1注广东2注四川1注共6注。,一等奖中奖情况：北京1注河北1注上海1注广东2注四川1注共6注。
2017-04-23,江苏1注河南1注湖南1注陕西1注青海1注深圳1注共6注。,一等奖中奖情况：江苏1注河南1注湖南1注陕西1注青海1注深圳1注共6注。
2017-04-20,辽宁1注四川2注贵州1注共4注。,一等奖中奖情况：辽宁1注四川2注贵州1注共4注。
2017-04-18,江苏1注福建1注山东1注四川1注陕西1注深圳10注共15注。,一等奖中奖情况：江苏1注福建1注山东1注四川1注陕西1注深圳10注共15注。
2017-04-16,江苏1注浙江2注广西1注共4注。,一等奖中奖情况：江苏1注浙江2注广西1注共4注。
2017-04-13,河北1注辽宁1注浙江1注重庆1注深圳4注共8注。,一等奖中奖情况：河北1注辽宁1注浙江1注重庆1注深圳4注共8注。
2017-04-11,内蒙古1注浙江10注山东1注湖南1注广东1注四川1注深圳6注共21注。,一等奖中奖情况：内蒙古1注浙江10注山东1注湖南1注广东1注四川1注深圳6注共21注。
2017-04-09,河北1注上海2注浙江1注河南1注湖南1注广东1注四川3注陕西1注深圳2注共13注。,一等奖中奖情况：河北1注上海2注浙江1注河南1注湖南1注广东1注四川3注陕西1注深圳2注共13注。
2017-04-06,江苏1注共1注。,一等奖中奖情况：江苏1注共1注。
2017-04-04,辽宁3注上海1注河南1注共5注。,一等奖中奖情况：辽宁3注上海1注河南1注共5注。
2017-04-02,黑龙江1注上海1注江苏1注河南1注广东2注贵州1注共7注。,一等奖中奖情况：黑龙江1注上海1注江苏1注河南1注广东2注贵州1注共7注。
2017-03-30,上海1注浙江1注广东1注甘肃1注共4注。,一等奖中奖情况：上海1注浙江1注广东1注甘肃1注共4注。
2017-03-28,北京1注河北3注山西1注黑龙江1注安徽1注福建1注湖北4注广东1注四川1注陕西1注新疆1注共16注。,一等奖中奖情况：北京1注河北3注山西1注黑龙江1注安徽1注福建1注湖北4注广东1注四川1注陕西1注新疆1注共16注。
2017-03-26,河北1注江苏1注江西1注重庆1注湖北1注广西1注贵州1注陕西1注共8注。,一等奖中奖情况：河北1注江苏1注江西1注重庆1注湖北1注广西1注贵州1注陕西1注共8注。
2017-03-23,河北2注黑龙江1注江苏1注福建2注河南2注广东1注四川1注贵州1注青海1注共12注。,一等奖中奖情况：河北2注黑龙江1注江苏1注福建2注河南2注广东1注四川1注贵州1注青海1注共12注。
2017-03-21,北京2注天津1注河北3注内蒙古2注吉林2注上海2注江苏9注浙江2注福建1注江西1注山东2注重庆1注河南1注湖南4注广东19注四川1注贵州2注云南6注深圳2注共63注。,一等奖中奖情况：北京2注天津1注河北3注内蒙古2注吉林2注上海2注江苏9注浙江2注福建1注江西1注山东2注重庆1注河南1注湖南4注广东19注四川1注贵州2注云南6注深圳2注共63注。
2017-03-19,北京1注河北1注辽宁1注黑龙江9注上海1注浙江3注安徽2注山东1注重庆1注河南7注广东1注广西1注贵州1注共30注。,一等奖中奖情况：北京1注河北1注辽宁1注黑龙江9注上海1注浙江3注安徽2注山东1注重庆1注河南7注广东1注广西1注贵州1注共30注。
2017-03-16,江苏2注陕西1注新疆2注共5注。,一等奖中奖情况：江苏2注陕西1注新疆2注共5注。
2017-03-14,黑龙江1注上海1注浙江1注山东1注共4注。,一等奖中奖情况：黑龙江1注上海1注浙江1注山东1注共4注。
2017-03-12,天津2注上海1注江苏1注江西1注山东2注海南1注新疆1注共9注。,一等奖中奖情况：天津2注上海1注江苏1注江西1注山东2注海南1注新疆1注共9注。
2017-03-09,江苏1注河南1注广西1注共3注。,一等奖中奖情况：江苏1注河南1注广西1注共3注。
2017-03-07,天津1注河北1注辽宁1注吉林1注上海1注江苏1注安徽2注江西1注山东2注重庆1注河南12注湖南1注广东2注四川1注甘肃1注深圳1注共30注。,一等奖中奖情况：天津1注河北1注辽宁1注吉林1注上海1注江苏1注安徽2注江西1注山东2注重庆1注河南12注湖南1注广东2注四川1注甘肃1注深圳1注共30注。
2017-03-05,河北1注辽宁2注江苏1注浙江1注山东1注重庆1注湖北1注贵州1注云南1注深圳1注共11注。,一等奖中奖情况：河北1注辽宁2注江苏1注浙江1注山东1注重庆1注湖北1注贵州1注云南1注深圳1注共11注。
2017-03-02,山东1注广东2注四川1注新疆1注深圳1注共6注。,一等奖中奖情况：山东1注广东2注四川1注新疆1注深圳1注共6注。
2017-02-28,辽宁1注湖北1注四川1注共3注。,一等奖中奖情况：辽宁1注湖北1注四川1注共3注。
2017-02-26,浙江1注河南1注湖南1注云南1注共4注。,一等奖中奖情况：浙江1注河南1注湖南1注云南1注共4注。
2017-02-23,河北9注吉林1注江苏1注福建1注山东2注湖北1注甘肃1注共16注。,一等奖中奖情况：河北9注吉林1注江苏1注福建1注山东2注湖北1注甘肃1注共16注。
2017-02-21,上海1注江西1注广东2注共4注。,一等奖中奖情况：上海1注江西1注广东2注共4注。
2017-02-19,北京1注浙江1注广东1注云南1注共4注。,一等奖中奖情况：北京1注浙江1注广东1注云南1注共4注。
2017-02-16,重庆3注河南1注四川1注共5注。,一等奖中奖情况：重庆3注河南1注四川1注共5注。
2017-02-14,河北1注黑龙江1注广东1注广西1注甘肃1注共5注。,一等奖中奖情况：河北1注黑龙江1注广东1注广西1注甘肃1注共5注。
2017-02-12,内蒙古1注上海1注江苏1注安徽2注福建1注山东3注云南2注陕西1注共12注。,一等奖中奖情况：内蒙古1注上海1注江苏1注安徽2注福建1注山东3注云南2注陕西1注共12注。
2017-02-09,湖北1注四川2注甘肃1注共4注。,一等奖中奖情况：湖北1注四川2注甘肃1注共4注。
2017-02-07,江西1注重庆1注河南2注云南1注共5注。,一等奖中奖情况：江西1注重庆1注河南2注云南1注共5注。
2017-02-05,吉林1注浙江1注安徽1注山东1注重庆1注湖南1注广东3注陕西1注共10注。,一等奖中奖情况：吉林1注浙江1注安徽1注山东1注重庆1注湖南1注广东3注陕西1注共10注。
2017-01-26,河北1注辽宁5注重庆2注陕西1注共9注。,一等奖中奖情况：河北1注辽宁5注重庆2注陕西1注共9注。
2017-01-24,河北2注山西1注山东2注湖南1注广东1注云南1注陕西3注共11注。,一等奖中奖情况：河北2注山西1注山东2注湖南1注广东1注云南1注陕西3注共11注。
2017-01-22,北京2注天津1注辽宁3注黑龙江1注上海1注江苏2注浙江1注安徽1注江西1注山东2注重庆1注河南1注广东4注贵州2注陕西5注甘肃1注新疆1注共30注。,一等奖中奖情况：北京2注天津1注辽宁3注黑龙江1注上海1注江苏2注浙江1注安徽1注江西1注山东2注重庆1注河南1注广东4注贵州2注陕西5注甘肃1注新疆1注共30注。
2017-01-19,河北1注辽宁2注上海1注重庆2注河南1注广东1注广西1注共9注。,一等奖中奖情况：河北1注辽宁2注上海1注重庆2注河南1注广东1注广西1注共9注。
2017-01-17,内蒙古1注黑龙江1注上海1注江苏1注广东3注甘肃2注青海1注共10注。,一等奖中奖情况：内蒙古1注黑龙江1注上海1注江苏1注广东3注甘肃2注青海1注共10注。
2017-01-15,河北1注内蒙古1注江苏1注福建2注广西1注云南1注共7注。,一等奖中奖情况：河北1注内蒙古1注江苏1注福建2注广西1注云南1注共7注。
2017-01-12,广东3注海南1注共4注。,一等奖中奖情况：广东3注海南1注共4注。
2017-01-10,北京1注河北2注浙江2注福建1注山东2注重庆1注湖北2注湖南1注陕西1注甘肃1注共14注。,一等奖中奖情况：北京1注河北2注浙江2注福建1注山东2注重庆1注湖北2注湖南1注陕西1注甘肃1注共14注。
2017-01-08,北京5注辽宁1注上海6注江苏1注四川1注贵州1注深圳3注共18注。,一等奖中奖情况：北京5注辽宁1注上海6注江苏1注四川1注贵州1注深圳3注共18注。
2017-01-05,山西1注山东1注重庆1注共3注。,一等奖中奖情况：山西1注山东1注重庆1注共3注。
2017-01-03,江苏1注浙江1注广东1注云南1注共4注。,一等奖中奖情况：江苏1注浙江1注广东1注云南1注共4注。
2017-01-01,天津1注吉林1注江苏1注福建2注重庆1注河南1注湖北1注贵州1注共9注。,一等奖中奖情况：天津1注吉林1注江苏1注福建2注重庆1注河南1注湖北1注贵州1注共9注。
2016-12-29,黑龙江1注江苏2注重庆1注甘肃1注共5注。,一等奖中奖情况：黑龙江1注江苏2注重庆1注甘肃1注共5注。
2016-12-27,内蒙古1注辽宁3注浙江2注山东3注重庆1注湖北1注广东1注广西1注海南2注四川1注甘肃1注共17注。,一等奖中奖情况：内蒙古1注辽宁3注浙江2注山东3注重庆1注湖北1注广东1注广西1注海南2注四川1注甘肃1注共17注。
2016-12-25,河北1注吉林1注江苏1注福建1注河南1注四川3注贵州1注云南1注宁夏1注共11注。,一等奖中奖情况：河北1注吉林1注江苏1注福建1注河南1注四川3注贵州1注云南1注宁夏1注共11注。
2016-12-22,北京1注辽宁8注江苏1注河南1注广东4注海南2注贵州1注陕西2注甘肃2注共22注。,一等奖中奖情况：北京1注辽宁8注江苏1注河南1注广东4注海南2注贵州1注陕西2注甘肃2注共22注。
2016-12-20,江苏1注湖北1注广东2注四川1注共5注。,一等奖中奖情况：江苏1注湖北1注广东2注四川1注共5注。
2016-12-18,上海1注江苏1注湖南1注广东1注海南1注四川4注云南1注共10注。,一等奖中奖情况：上海1注江苏1注湖南1注广东1注海南1注四川4注云南1注共10注。
2016-12-15,河北1注上海1注江苏1注广东1注甘肃1注共5注。,一等奖中奖情况：河北1注上海1注江苏1注广东1注甘肃1注共5注。
2016-12-13,内蒙古1注黑龙江2注江苏1注河南1注湖南1注广东1注广西1注共8注。,一等奖中奖情况：内蒙古1注黑龙江2注江苏1注河南1注湖南1注广东1注广西1注共8注。
2016-12-11,北京2注浙江2注山东2注广东2注共8注。其中复式投注为：北京1注山东1注广东2注。,一等奖中奖情况：北京2注浙江2注山东2注广东2注共8注。其中复式投注为：北京1注山东1注广东2注。
2016-12-08,天津1注河北1注内蒙古1注安徽1注江西1注河南1注四川3注贵州1注新疆3注深圳1注共14注。其中复式投注为：内蒙古1注安徽1注四川1注贵州1注新疆3注。,一等奖中奖情况：天津1注河北1注内蒙古1注安徽1注江西1注河南1注四川3注贵州1注新疆3注深圳1注共14注。其中复式投注为：内蒙古1注安徽1注四川1注贵州1注新疆3注。
2016-12-06,黑龙江1注上海1注浙江1注广西1注深圳1注共5注。其中复式投注为：黑龙江1注深圳1注。,一等奖中奖情况：黑龙江1注上海1注浙江1注广西1注深圳1注共5注。其中复式投注为：黑龙江1注深圳1注。
2016-12-04,黑龙江3注浙江1注福建2注广东3注青海2注共11注。其中复式投注为：浙江1注福建2注广东1注。,一等奖中奖情况：黑龙江3注浙江1注福建2注广东3注青海2注共11注。其中复式投注为：浙江1注福建2注广东1注。
2016-12-01,江苏1注安徽1注河南1注广东1注海南1注云南1注青海1注共7注。其中复式投注为：江苏1注河南1注海南1注青海1注。,一等奖中奖情况：江苏1注安徽1注河南1注广东1注海南1注云南1注青海1注共7注。其中复式投注为：江苏1注河南1注海南1注青海1注。
2016-11-29,浙江8注福建1注江西1注山东2注重庆2注湖北1注广东1注共16注。其中复式投注为：福建1注山东1注广东1注。,一等奖中奖情况：浙江8注福建1注江西1注山东2注重庆2注湖北1注广东1注共16注。其中复式投注为：福建1注山东1注广东1注。
2016-11-27,重庆1注湖北1注广东1注海南1注四川1注共5注。其中复式投注为：重庆1注广东1注四川1注。,一等奖中奖情况：重庆1注湖北1注广东1注海南1注四川1注共5注。其中复式投注为：重庆1注广东1注四川1注。
2016-11-24,北京1注辽宁1注福建1注湖南1注广西1注四川1注贵州3注云南1注宁夏1注深圳1注共12注。其中复式投注为：北京1注辽宁1注福建1注湖南1注广西1注四川1注深圳1注。,一等奖中奖情况：北京1注辽宁1注福建1注湖南1注广西1注四川1注贵州3注云南1注宁夏1注深圳1注共12注。其中复式投注为：北京1注辽宁1注福建1注湖南1注广西1注四川1注深圳1注。
2016-11-22,福建1注重庆1注广东1注宁夏1注共4注。其中复式投注为：福建1注重庆1注宁夏1注。,一等奖中奖情况：福建1注重庆1注广东1注宁夏1注共4注。其中复式投注为：福建1注重庆1注宁夏1注。
2016-11-20,北京1注辽宁1注上海3注湖北1注广东1注陕西1注共8注。其中复式投注为：湖北1注广东1注。,一等奖中奖情况：北京1注辽宁1注上海3注湖北1注广东1注陕西1注共8注。其中复式投注为：湖北1注广东1注。
2016-11-17,北京1注河北7注江苏2注浙江1注山东2注河南3注湖北1注广东1注广西1注四川3注云南1注深圳1注共24注。其中复式投注为：北京1注江苏1注河南1注广东1注云南1注。,一等奖中奖情况：北京1注河北7注江苏2注浙江1注山东2注河南3注湖北1注广东1注广西1注四川3注云南1注深圳1注共24注。其中复式投注为：北京1注江苏1注河南1注广东1注云南1注。
2016-11-15,吉林1注上海3注浙江1注广东2注四川1注共8注。其中复式投注为：吉林1注浙江1注。,一等奖中奖情况：吉林1注上海3注浙江1注广东2注四川1注共8注。其中复式投注为：吉林1注浙江1注。
2016-11-13,河北2注江苏2注山东1注重庆4注河南7注湖北4注四川4注宁夏1注新疆1注共26注。其中复式投注为：山东1注河南2注四川1注。,一等奖中奖情况：河北2注江苏2注山东1注重庆4注河南7注湖北4注四川4注宁夏1注新疆1注共26注。其中复式投注为：山东1注河南2注四川1注。
2016-11-10,天津1注河北1注辽宁1注黑龙江6注上海4注江苏1注浙江1注安徽2注山东4注重庆1注河南3注湖北2注湖南1注广东2注四川2注云南1注陕西1注宁夏1注新疆1注深圳1注共37注。其中复式投注为：天津1注黑龙江1注上海2注江苏1注安徽1注重庆1注河南3注湖南1注广东1注四川1注陕西1注宁夏1注深圳1注。,一等奖中奖情况：天津1注河北1注辽宁1注黑龙江6注上海4注江苏1注浙江1注安徽2注山东4注重庆1注河南3注湖北2注湖南1注广东2注四川2注云南1注陕西1注宁夏1注新疆1注深圳1注共37注。其中复式投注为：天津1注黑龙江1注上海2注江苏1注安徽1注重庆1注河南3注湖南1注广东1注四川1注陕西1注宁夏1注深圳1注。
2016-11-08,河北1注江苏1注安徽1注新疆1注共4注。其中复式投注为：河北1注江苏1注新疆1注。,一等奖中奖情况：河北1注江苏1注安徽1注新疆1注共4注。其中复式投注为：河北1注江苏1注新疆1注。
2016-11-06,北京1注江苏1注浙江2注福建1注广西1注四川1注新疆1注共8注。其中复式投注为：北京1注福建1注。,一等奖中奖情况：北京1注江苏1注浙江2注福建1注广西1注四川1注新疆1注共8注。其中复式投注为：北京1注福建1注。
2016-11-03,湖北1注广东1注共2注。其中复式投注为：0注。,一等奖中奖情况：湖北1注广东1注共2注。其中复式投注为：0注。
2016-11-01,河北1注黑龙江5注江苏1注浙江1注安徽1注福建1注江西1注广西5注四川1注共17注。其中复式投注为：江苏1注浙江1注安徽1注四川1注。,一等奖中奖情况：河北1注黑龙江5注江苏1注浙江1注安徽1注福建1注江西1注广西5注四川1注共17注。其中复式投注为：江苏1注浙江1注安徽1注四川1注。
2016-10-30,河北1注山东1注海南1注共3注。其中复式投注为：山东1注海南1注。,一等奖中奖情况：河北1注山东1注海南1注共3注。其中复式投注为：山东1注海南1注。
2016-10-27,浙江1注山东1注河南1注宁夏1注共4注。其中复式投注为：河南1注。,一等奖中奖情况：浙江1注山东1注河南1注宁夏1注共4注。其中复式投注为：河南1注。
2016-10-25,辽宁1注浙江2注江西1注重庆1注河南1注湖北1注甘肃3注共10注。其中复式投注为：浙江1注江西1注湖北1注。,一等奖中奖情况：辽宁1注浙江2注江西1注重庆1注河南1注湖北1注甘肃3注共10注。其中复式投注为：浙江1注江西1注湖北1注。
2016-10-23,山东1注湖北1注云南1注西藏1注陕西1注共5注。其中复式投注为：0注。,一等奖中奖情况：山东1注湖北1注云南1注西藏1注陕西1注共5注。其中复式投注为：0注。
2016-10-20,上海1注重庆1注广西1注共3注。,一等奖中奖情况：上海1注重庆1注广西1注共3注。
2016-10-18,浙江1注安徽1注重庆2注湖南1注广东1注共6注。,一等奖中奖情况：浙江1注安徽1注重庆2注湖南1注广东1注共6注。
2016-10-16,吉林1注江苏1注山东1注湖南1注宁夏1注共5注。,一等奖中奖情况：吉林1注江苏1注山东1注湖南1注宁夏1注共5注。
2016-10-13,北京1注内蒙古1注辽宁1注上海1注湖北1注云南1注共6注。,一等奖中奖情况：北京1注内蒙古1注辽宁1注上海1注湖北1注云南1注共6注。
2016-10-11,河北1注内蒙古1注浙江1注安徽1注共4注。,一等奖中奖情况：河北1注内蒙古1注浙江1注安徽1注共4注。
2016-10-09,黑龙江1注上海1注浙江1注安徽1注共4注。,一等奖中奖情况：黑龙江1注上海1注浙江1注安徽1注共4注。
2016-10-06,北京1注内蒙古2注上海2注安徽1注重庆1注湖南1注广东2注贵州1注新疆1注共12注。,一等奖中奖情况：北京1注内蒙古2注上海2注安徽1注重庆1注湖南1注广东2注贵州1注新疆1注共12注。
2016-10-04,江苏1注重庆1注湖北1注甘肃3注共6注。,一等奖中奖情况：江苏1注重庆1注湖北1注甘肃3注共6注。
2016-10-02,辽宁1注吉林1注江苏1注浙江2注山东3注河南1注广东2注广西1注陕西1注共13注。,一等奖中奖情况：辽宁1注吉林1注江苏1注浙江2注山东3注河南1注广东2注广西1注陕西1注共13注。
2016-09-29,北京2注辽宁1注上海1注江苏1注浙江1注安徽1注广东10注陕西2注新疆1注深圳1注共21注。,一等奖中奖情况：北京2注辽宁1注上海1注江苏1注浙江1注安徽1注广东10注陕西2注新疆1注深圳1注共21注。
2016-09-27,北京1注辽宁1注山东1注重庆1注湖北1注陕西1注共6注。,一等奖中奖情况：北京1注辽宁1注山东1注重庆1注湖北1注陕西1注共6注。
2016-09-25,辽宁1注吉林1注黑龙江1注江苏2注湖北1注深圳2注共8注。,一等奖中奖情况：辽宁1注吉林1注黑龙江1注江苏2注湖北1注深圳2注共8注。
2016-09-22,黑龙江1注广西1注贵州1注共3注。,一等奖中奖情况：黑龙江1注广西1注贵州1注共3注。
2016-09-20,上海1注浙江1注山东1注湖南1注贵州1注共5注。,一等奖中奖情况：上海1注浙江1注山东1注湖南1注贵州1注共5注。
2016-09-18,上海1注福建1注山东1注湖北3注四川1注深圳1注共8注。,一等奖中奖情况：上海1注福建1注山东1注湖北3注四川1注深圳1注共8注。
2016-09-15,辽宁1注上海1注浙江1注安徽1注河南2注共6注。,一等奖中奖情况：辽宁1注上海1注浙江1注安徽1注河南2注共6注。
2016-09-13,吉林1注上海1注江苏1注安徽1注广西2注陕西7注共13注。,一等奖中奖情况：吉林1注上海1注江苏1注安徽1注广西2注陕西7注共13注。
2016-09-11,北京1注江苏1注浙江1注湖南1注广西1注新疆1注共6注。,一等奖中奖情况：北京1注江苏1注浙江1注湖南1注广西1注新疆1注共6注。
2016-09-08,北京1注辽宁1注浙江2注湖北5注贵州1注陕西1注甘肃1注新疆1注共13注。,一等奖中奖情况：北京1注辽宁1注浙江2注湖北5注贵州1注陕西1注甘肃1注新疆1注共13注。
2016-09-06,安徽1注福建1注共2注。,一等奖中奖情况：安徽1注福建1注共2注。
2016-09-04,上海1注福建1注河南1注湖北1注广东1注贵州1注陕西6注甘肃1注共13注。,一等奖中奖情况：上海1注福建1注河南1注湖北1注广东1注贵州1注陕西6注甘肃1注共13注。
2016-09-01,内蒙古1注江西1注湖北1注湖南1注广东2注四川1注共7注。,一等奖中奖情况：内蒙古1注江西1注湖北1注湖南1注广东2注四川1注共7注。
2016-08-30,上海1注海南1注云南1注共3注。,一等奖中奖情况：上海1注海南1注云南1注共3注。
2016-08-28,天津1注江西1注广东1注贵州1注共4注。,一等奖中奖情况：天津1注江西1注广东1注贵州1注共4注。
2016-08-25,江苏1注福建1注江西1注四川1注共4注。,一等奖中奖情况：江苏1注福建1注江西1注四川1注共4注。
2016-08-23,湖南2注海南1注共3注。,一等奖中奖情况：湖南2注海南1注共3注。
2016-08-21,山西1注江西1注山东2注湖北1注湖南1注广东2注广西1注共9注。,一等奖中奖情况：山西1注江西1注山东2注湖北1注湖南1注广东2注广西1注共9注。
2016-08-18,黑龙江1注福建2注陕西1注深圳1注共5注。,一等奖中奖情况：黑龙江1注福建2注陕西1注深圳1注共5注。
2016-08-16,浙江1注福建1注广东2注云南2注深圳1注共7注。,一等奖中奖情况：浙江1注福建1注广东2注云南2注深圳1注共7注。
2016-08-14,安徽1注广东1注陕西1注深圳1注共4注。,一等奖中奖情况：安徽1注广东1注陕西1注深圳1注共4注。
2016-08-11,北京1注天津2注山西1注上海1注江苏1注重庆2注湖南5注广东1注广西1注海南1注四川1注云南1注共18注。,一等奖中奖情况：北京1注天津2注山西1注上海1注江苏1注重庆2注湖南5注广东1注广西1注海南1注四川1注云南1注共18注。
2016-08-09,北京5注内蒙古1注辽宁1注上海1注江苏1注浙江3注安徽1注江西1注重庆3注广东1注云南1注共19注。,一等奖中奖情况：北京5注内蒙古1注辽宁1注上海1注江苏1注浙江3注安徽1注江西1注重庆3注广东1注云南1注共19注。
2016-08-07,北京1注河北1注山西1注上海1注江苏2注安徽1注河南4注湖北1注广东2注四川3注共17注。,一等奖中奖情况：北京1注河北1注山西1注上海1注江苏2注安徽1注河南4注湖北1注广东2注四川3注共17注。
2016-08-04,辽宁1注江苏5注浙江1注安徽6注江西1注山东1注重庆1注河南1注广东6注共23注。,一等奖中奖情况：辽宁1注江苏5注浙江1注安徽6注江西1注山东1注重庆1注河南1注广东6注共23注。
2016-08-02,河北1注辽宁2注浙江5注广东1注云南1注共10注。,一等奖中奖情况：河北1注辽宁2注浙江5注广东1注云南1注共10注。
2016-07-31,辽宁1注江苏2注河南1注陕西1注共5注。,一等奖中奖情况：辽宁1注江苏2注河南1注陕西1注共5注。
2016-07-28,河北1注山东1注海南1注共3注。,一等奖中奖情况：河北1注山东1注海南1注共3注。
2016-07-26,辽宁1注云南5注共6注。,一等奖中奖情况：辽宁1注云南5注共6注。
2016-07-24,福建1注山东1注湖北5注共7注。,一等奖中奖情况：福建1注山东1注湖北5注共7注。
2016-07-21,山东1注河南1注湖南1注贵州1注西藏1注共5注。,一等奖中奖情况：山东1注河南1注湖南1注贵州1注西藏1注共5注。
2016-07-19,北京1注河北1注黑龙江1注江苏1注山东1注湖北1注湖南1注共7注。,一等奖中奖情况：北京1注河北1注黑龙江1注江苏1注山东1注湖北1注湖南1注共7注。
2016-07-17,吉林5注江苏1注重庆1注广东1注广西1注四川1注共10注。,一等奖中奖情况：吉林5注江苏1注重庆1注广东1注广西1注四川1注共10注。
2016-07-14,北京1注辽宁1注新疆1注共3注。,一等奖中奖情况：北京1注辽宁1注新疆1注共3注。
2016-07-12,福建1注河南1注广东1注贵州1注共4注。,一等奖中奖情况：福建1注河南1注广东1注贵州1注共4注。
2016-07-10,上海2注共2注。,一等奖中奖情况：上海2注共2注。
2016-07-07,黑龙江1注安徽1注福建1注重庆1注贵州1注陕西1注共6注。,一等奖中奖情况：黑龙江1注安徽1注福建1注重庆1注贵州1注陕西1注共6注。
2016-07-05,上海1注海南1注甘肃1注共3注。,一等奖中奖情况：上海1注海南1注甘肃1注共3注。
2016-07-03,天津2注辽宁1注福建1注河南1注陕西1注共6注。,一等奖中奖情况：天津2注辽宁1注福建1注河南1注陕西1注共6注。
2016-06-30,共0注。,一等奖中奖情况：共0注。
2016-06-28,北京30注山西1注辽宁1注江苏2注福建1注山东2注河南1注广西20注陕西2注青海1注深圳1注共62注。,一等奖中奖情况：北京30注山西1注辽宁1注江苏2注福建1注山东2注河南1注广西20注陕西2注青海1注深圳1注共62注。
2016-06-26,安徽1注湖南2注广东1注云南1注共5注。,一等奖中奖情况：安徽1注湖南2注广东1注云南1注共5注。
2016-06-23,辽宁1注安徽1注共2注。,一等奖中奖情况：辽宁1注安徽1注共2注。
2016-06-21,江苏1注浙江1注福建1注河南1注共4注。,一等奖中奖情况：江苏1注浙江1注福建1注河南1注共4注。
2016-06-19,黑龙江1注湖南1注广东2注广西1注新疆2注共7注。,一等奖中奖情况：黑龙江1注湖南1注广东2注广西1注新疆2注共7注。
2016-06-16,北京1注江苏1注浙江1注福建1注甘肃1注深圳1注共6注。,一等奖中奖情况：北京1注江苏1注浙江1注福建1注甘肃1注深圳1注共6注。
2016-06-14,安徽1注湖南1注共2注。,一等奖中奖情况：安徽1注湖南1注共2注。
2016-06-12,广东3注海南1注四川1注共5注。,一等奖中奖情况：广东3注海南1注四川1注共5注。
2016-06-09,北京2注上海1注山东1注广东3注四川1注陕西2注共10注。,一等奖中奖情况：北京2注上海1注山东1注广东3注四川1注陕西2注共10注。
2016-06-07,山东1注湖北1注共2注。,一等奖中奖情况：山东1注湖北1注共2注。
2016-06-05,北京1注吉林1注黑龙江1注上海2注江苏2注福建2注四川1注云南1注共11注。,一等奖中奖情况：北京1注吉林1注黑龙江1注上海2注江苏2注福建2注四川1注云南1注共11注。
2016-06-02,共0注。,一等奖中奖情况：共0注。
2016-05-31,江苏1注四川1注共2注。,一等奖中奖情况：江苏1注四川1注共2注。
2016-05-29,北京12注内蒙古1注江苏1注浙江1注江西1注山东2注广东1注广西1注云南1注共21注。,一等奖中奖情况：北京12注内蒙古1注江苏1注浙江1注江西1注山东2注广东1注广西1注云南1注共21注。
2016-05-26,北京1注江苏2注浙江1注湖北1注湖南1注四川1注贵州1注云南1注甘肃5注深圳1注共15注���,一等奖中奖情况：北京1注江苏2注浙江1注湖北1注湖南1注四川1注贵州1注云南1注甘肃5注深圳1注共15注���
2016-05-24,江苏1注安徽1注福建5注重庆1注湖北1注共9注。,一等奖中奖情况：江苏1注安徽1注福建5注重庆1注湖北1注共9注。
2016-05-22,上海1注广东1注共2注。,一等奖中奖情况：上海1注广东1注共2注。
2016-05-19,上海2注江苏1注安徽2注山东2注河南1注广东1注四川1注新疆1注共11注。,一等奖中奖情况：上海2注江苏1注安徽2注山东2注河南1注广东1注四川1注新疆1注共11注。
2016-05-17,北京2注河北1注福建1注广东1注深圳1注共6注。,一等奖中奖情况：北京2注河北1注福建1注广东1注深圳1注共6注。
2016-05-15,上海1注江西2注湖南1注广西1注云南5注新疆1注共11注。,一等奖中奖情况：上海1注江西2注湖南1注广西1注云南5注新疆1注共11注。
2016-05-12,浙江2注山东3注湖南1注海南1注云南1注共8注。,一等奖中奖情况：浙江2注山东3注湖南1注海南1注云南1注共8注。
2016-05-10,黑龙江1注江苏1注江西1注贵州1注陕西1注共5注。,一等奖中奖情况：黑龙江1注江苏1注江西1注贵州1注陕西1注共5注。
2016-05-08,山西2注安徽1注重庆4注河南2注四川1注宁夏1注新疆1注共12注。,一等奖中奖情况：山西2注安徽1注重庆4注河南2注四川1注宁夏1注新疆1注共12注。
2016-05-05,河北1注江苏1注共2注。,一等奖中奖情况：河北1注江苏1注共2注。
2016-05-03,上海1注浙江1注安徽1注河南1注共4注。,一等奖中奖情况：上海1注浙江1注安徽1注河南1注共4注。
2016-05-01,天津5注吉林1注江西1注湖南1注广东4注四川2注陕西1注共15注。,一等奖中奖情况：天津5注吉林1注江西1注湖南1注广东4注四川2注陕西1注共15注。
2016-04-28,山西1注安徽1注福建1注重庆1注湖北1注西藏1注共6注。,一等奖中奖情况：山西1注安徽1注福建1注重庆1注湖北1注西藏1注共6注。
2016-04-26,山东1注贵州1注云南1注陕西1注深圳1注共5注。,一等奖中奖情况：山东1注贵州1注云南1注陕西1注深圳1注共5注。
2016-04-24,共0注。,一等奖中奖情况：共0注。
2016-04-21,河南1注共1注。,一等奖中奖情况：河南1注共1注。
2016-04-19,河北1注上海1注湖北1注广东1注贵州1注陕西1注共6注。,一等奖中奖情况：河北1注上海1注湖北1注广东1注贵州1注陕西1注共6注。
2016-04-17,浙江1注江西1注湖南1注广东1注四川1注宁夏1注共6注。,一等奖中奖情况：浙江1注江西1注湖南1注广东1注四川1注宁夏1注共6注。
2016-04-14,辽宁1注黑龙江1注江苏2注安徽2注江西4注广东1注共11注。,一等奖中奖情况：辽宁1注黑龙江1注江苏2注安徽2注江西4注广东1注共11注。
2016-04-12,北京1注重庆1注云南1注共3注。,一等奖中奖情况：北京1注重庆1注云南1注共3注。
2016-04-10,吉林1注上海1注浙江1注安徽1注福建1注江西1注河南1注广东2注四川2注陕西1注共12注。,一等奖中奖情况：吉林1注上海1注浙江1注安徽1注福建1注江西1注河南1注广东2注四川2注陕西1注共12注。
2016-04-07,山西1注辽宁1注浙江1注山东1注陕西1注共5注。,一等奖中奖情况：山西1注辽宁1注浙江1注山东1注陕西1注共5注。
2016-04-05,北京1注江苏1注湖南1注新疆1注共4注。,一等奖中奖情况：北京1注江苏1注湖南1注新疆1注共4注。
2016-04-03,上海1注湖南1注新疆1注共3注。,一等奖中奖情况：上海1注湖南1注新疆1注共3注。
2016-03-31,北京1注湖南1注共2注。,一等奖中奖情况：北京1注湖南1注共2注。
2016-03-29,河北1注山西1注辽宁2注浙江1注山东2注重庆1注广东2注甘肃1注共11注。,一等奖中奖情况：河北1注山西1注辽宁2注浙江1注山东2注重庆1注广东2注甘肃1注共11注。
2016-03-27,湖北1注共1注。,一等奖中奖情况：湖北1注共1注。
2016-03-24,广东1注甘肃1注共2注。,一等奖中奖情况：广东1注甘肃1注共2注。
2016-03-22,河北1注浙江1注福建1注湖南1注四川1注共5注。,一等奖中奖情况：河北1注浙江1注福建1注湖南1注四川1注共5注。
2016-03-20,北京2注吉林1注黑龙江1注浙江2注安徽2注江西1注重庆1注河南1注湖南1注深圳1注共13注。,一等奖中奖情况：北京2注吉林1注黑龙江1注浙江2注安徽2注江西1注重庆1注河南1注湖南1注深圳1注共13注。
2016-03-17,北京1注天津6注河北4注山西2注吉林1注黑龙江2注上海2注江苏2注浙江12注福建1注江西4注山东10注重庆1注河南11注湖北4注湖南3注广东12注广西3注海南1注四川2注贵州5注云南7注陕西1注新疆1注共98注。,一等奖中奖情况：北京1注天津6注河北4注山西2注吉林1注黑龙江2注上海2注江苏2注浙江12注福建1注江西4注山东10注重庆1注河南11注湖北4注湖南3注广东12注广西3注海南1注四川2注贵州5注云南7注陕西1注新疆1注共98注。
2016-03-15,上海1注安徽3注江西1注共5注。,一等奖中奖情况：上海1注安徽3注江西1注共5注。
2016-03-13,辽宁3注吉林2注浙江1注深圳1注共7注。,一等奖中奖情况：辽宁3注吉林2注浙江1注深圳1注共7注。
2016-03-10,上海1注浙江1注河南1注陕西1注共4注。,一等奖中奖情况：上海1注浙江1注河南1注陕西1注共4注。
2016-03-08,共0注。,一等奖中奖情况：共0注。
2016-03-06,辽宁1注吉林1注江苏2注浙江2注湖北1注湖南1注广东5注广西1注四川1注陕西3注宁夏1注共19注。,一等奖中奖情况：辽宁1注吉林1注江苏2注浙江2注湖北1注湖南1注广东5注广西1注四川1注陕西3注宁夏1注共19注。
2016-03-03,上海1注江苏1注浙江1注安徽1注重庆1注河南1注湖南1注广西2注共9注。,一等奖中奖情况：上海1注江苏1注浙江1注安徽1注重庆1注河南1注湖南1注广西2注共9注。
2016-03-01,天津1注河北1注黑龙江1注江苏1注江西6注山东1注重庆1注河南1注广东1注共14注。,一等奖中奖情况：天津1注河北1注黑龙江1注江苏1注江西6注山东1注重庆1注河南1注广东1注共14注。
2016-02-28,吉林1注江苏2注安徽1注湖北1注四川3注共8注。,一等奖中奖情况：吉林1注江苏2注安徽1注湖北1注四川3注共8注。
2016-02-25,黑龙江1注上海1注江苏1注贵州1注新疆1注共5注。,一等奖中奖情况：黑龙江1注上海1注江苏1注贵州1注新疆1注共5注。
2016-02-23,浙江2注山东1注共3注。,一等奖中奖情况：浙江2注山东1注共3注。
2016-02-21,北京1注辽宁1注吉林2注黑龙江2注上海1注江苏2注浙江6注安徽3注福建1注山东4注河南4注湖北6注湖南5注广东3注四川4注云南1注陕西2注甘肃2注深圳1注共51注。,一等奖中奖情况：北京1注辽宁1注吉林2注黑龙江2注上海1注江苏2注浙江6注安徽3注福建1注山东4注河南4注湖北6注湖南5注广东3注四川4注云南1注陕西2注甘肃2注深圳1注共51注。
2016-02-18,浙江1注安徽1注山东1注四川1注新疆1注共5注。,一等奖中奖情况：浙江1注安徽1注山东1注四川1注新疆1注共5注。
2016-02-16,内蒙古1注江苏5注浙江1注江西1注湖北1注广东1注贵州1注甘肃1注共12注。,一等奖中奖情况：内蒙古1注江苏5注浙江1注江西1注湖北1注广东1注贵州1注甘肃1注共12注。
2016-02-14,吉林1注黑龙江1注安徽1注云南2注共5注。,一等奖中奖情况：吉林1注黑龙江1注安徽1注云南2注共5注。
2016-02-04,河北1注浙江2注广东1注云南1注共5注。,一等奖中奖情况：河北1注浙江2注广东1注云南1注共5注。
2016-02-02,江苏40注浙江2注安徽1注河南1注广西1注共45注。,一等奖中奖情况：江苏40注浙江2注安徽1注河南1注广西1注共45注。
2016-01-31,江苏2注山东1注共3注。,一等奖中奖情况：江苏2注山东1注共3注。
2016-01-28,吉林1注黑龙江1注共2注。,一等奖中奖情况：吉林1注黑龙江1注共2注。
2016-01-26,辽宁1注浙江28注河南1注湖北1注湖南5注广东1注云南1注陕西2注甘肃1注新疆2注共43注。,一等奖中奖情况：辽宁1注浙江28注河南1注湖北1注湖南5注广东1注云南1注陕西2注甘肃1注新疆2注共43注。
2016-01-24,辽宁3注山东5注四川6注共14注。,一等奖中奖情况：辽宁3注山东5注四川6注共14注。
2016-01-21,上海1注湖北1注贵州1注共3注。,一等奖中奖情况：上海1注湖北1注贵州1注共3注。
2016-01-19,山西1注浙江1注山东1注湖北1注湖南1注共5注。,一等奖中奖情况：山西1注浙江1注山东1注湖北1注湖南1注共5注。
2016-01-17,河北1注山西1注内蒙古1注江苏1注安徽1注重庆1注河南1注广东2注贵州1注深圳1注共11注。,一等奖中奖情况：河北1注山西1注内蒙古1注江苏1注安徽1注重庆1注河南1注广东2注贵州1注深圳1注共11注。
2016-01-14,湖北1注新疆1注共2注。,一等奖中奖情况：湖北1注新疆1注共2注。
2016-01-12,江苏1注福建2注山东1注广东1注广西50注甘肃1注共56注。,一等奖中奖情况：江苏1注福建2注山东1注广东1注广西50注甘肃1注共56注。
2016-01-10,浙江1注安徽1注河南4注湖南1注云南1注陕西1注共9注。,一等奖中奖情况：浙江1注安徽1注河南4注湖南1注云南1注陕西1注共9注。
2016-01-07,辽宁1注江苏1注浙江3注安徽2注广东2注海南1注四川1注甘肃1注共12注。,一等奖中奖情况：辽宁1注江苏1注浙江3注安徽2注广东2注海南1注四川1注甘肃1注共12注。
2016-01-05,江苏1注福建1注山东1注河南1注贵州1注共5注。,一等奖中奖情况：江苏1注福建1注山东1注河南1注贵州1注共5注。
2016-01-03,辽宁1注浙江1注江西1注湖南1注广西1注共5注。,一等奖中奖情况：辽宁1注浙江1注江西1注湖南1注广西1注共5注。
2015-12-31,天津1注河北1注黑龙江1注浙江1注安徽1注福建5注广东1注甘肃1注深圳1注共13注。,一等奖中奖情况：天津1注河北1注黑龙江1注浙江1注安徽1注福建5注广东1注甘肃1注深圳1注共13注。
2015-12-29,北京1注辽宁2注黑龙江1注安徽1注江西1注重庆1注河南1注广东7注共15注。,一等奖中奖情况：北京1注辽宁2注黑龙江1注安徽1注江西1注重庆1注河南1注广东7注共15注。
2015-12-27,河北1注内蒙古1注辽宁1注上海1注安徽2注福建5注江西1注湖南1注四川1注共14注。,一等奖中奖情况：河北1注内蒙古1注辽宁1注上海1注安徽2注福建5注江西1注湖南1注四川1注共14注。
2015-12-24,北京1注河南1注广东1注四川1注深圳1注共5注。,一等奖中奖情况：北京1注河南1注广东1注四川1注深圳1注共5注。
2015-12-22,浙江1注共1注。,一等奖中奖情况：浙江1注共1注。
2015-12-20,河北1注辽宁2注吉林1注黑龙江1注上海5注江苏1注浙江4注安徽4注福建1注山东1注重庆2注河南1注广东2注广西1注四川2注云南5注甘肃2注新疆1注深圳3注共40注。,一等奖中奖情况：河北1注辽宁2注吉林1注黑龙江1注上海5注江苏1注浙江4注安徽4注福建1注山东1注重庆2注河南1注广东2注广西1注四川2注云南5注甘肃2注新疆1注深圳3注共40注。
2015-12-17,上海1注江苏2注浙江4注安徽1注江西2注山东2注河南1注湖北1注广东1注四川1注陕西1注深圳1注共18注。,一等奖中奖情况：上海1注江苏2注浙江4注安徽1注江西2注山东2注河南1注湖北1注广东1注四川1注陕西1注深圳1注共18注。
2015-12-15,辽宁1注江苏2注福建5注山东1注重庆2注湖北1注湖南2注广东2注四川3注贵州1注云南1注陕西1注甘肃1注新疆2注深圳4注共29注。,一等奖中奖情况：辽宁1注江苏2注福建5注山东1注重庆2注湖北1注湖南2注广东2注四川3注贵州1注云南1注陕西1注甘肃1注新疆2注深圳4注共29注。
2015-12-13,上海1注广东2注共3注。,一等奖中奖情况：上海1注广东2注共3注。
2015-12-10,内蒙古1注浙江1注广西1注云南10注青海1注共14注。,一等奖中奖情况：内蒙古1注浙江1注广西1注云南10注青海1注共14注。
2015-12-08,天津1注黑龙江1注浙江1注山东1注广东1注广西1注共6注。,一等奖中奖情况：天津1注黑龙江1注浙江1注山东1注广东1注广西1注共6注。
2015-12-06,天津1注上海1注江苏1注浙江1注湖北1注云南1注共6注。,一等奖中奖情况：天津1注上海1注江苏1注浙江1注湖北1注云南1注共6注。
2015-12-03,吉林1注海南1注共2注。,一等奖中奖情况：吉林1注海南1注共2注。
2015-12-01,天津1注黑龙江1注江苏1注浙江2注广东2注四川1注共8注。,一等奖中奖情况：天津1注黑龙江1注江苏1注浙江2注广东2注四川1注共8注。
2015-11-29,山东1注湖北1注湖南1注甘肃1注深圳1注共5注。,一等奖中奖情况：山东1注湖北1注湖南1注甘肃1注深圳1注共5注。
2015-11-26,江苏1注浙江1注湖北1注湖南2注共5注。,一等奖中奖情况：江苏1注浙江1注湖北1注湖南2注共5注。
2015-11-24,上海1注江苏1注福建1注湖北3注广东2注新疆3注共11注。,一等奖中奖情况：上海1注江苏1注福建1注湖北3注广东2注新疆3注共11注。
2015-11-22,江苏1注山东1注共2注。,一等奖中奖情况：江苏1注山东1注共2注。
2015-11-19,浙江1注湖北1注新疆1注共3注。,一等奖中奖情况：浙江1注湖北1注新疆1注共3注。
2015-11-17,吉林1注山东2注河南1注广西2注共6注。,一等奖中奖情况：吉林1注山东2注河南1注广西2注共6注。
2015-11-15,北京1注浙江1注福建1注山东1注共4注。,一等奖中奖情况：北京1注浙江1注福建1注山东1注共4注。
2015-11-12,河北1注浙江1注四川1注共3注。,一等奖中奖情况：河北1注浙江1注四川1注共3注。
2015-11-10,河北1注内蒙古2注黑龙江1注安徽1注广东2注共7注。,一等奖中奖情况：河北1注内蒙古2注黑龙江1注安徽1注广东2注共7注。
2015-11-08,浙江5注重庆1注湖南1注共7注。,一等奖中奖情况：浙江5注重庆1注湖南1注共7注。
2015-11-05,辽宁1注安徽1注湖北1注四川1注甘肃1注共5注。,一等奖中奖情况：辽宁1注安徽1注湖北1注四川1注甘肃1注共5注。
2015-11-03,河北1注云南1注共2注。,一等奖中奖情况：河北1注云南1注共2注。
2015-11-01,山西1注内蒙古1注辽宁1注吉林1注浙江1注安徽8注福建1注湖北1注四川1注陕西1注共17注。,一等奖中奖情况：山西1注内蒙古1注辽宁1注吉林1注浙江1注安徽8注福建1注湖北1注四川1注陕西1注共17注。
2015-10-29,河北1注浙江1注安徽1注福建1注湖北1注广东6注四川2注贵州2注云南1注甘肃1注深圳1注共18注。,一等奖中奖情况：河北1注浙江1注安徽1注福建1注湖北1注广东6注四川2注贵州2注云南1注甘肃1注深圳1注共18注。
2015-10-27,北京1注河北1注吉林1注江苏2注浙江1注重庆1注广西1注云南2注陕西1注共11注。,一等奖中奖情况：北京1注河北1注吉林1注江苏2注浙江1注重庆1注广西1注云南2注陕西1注共11注。
2015-10-25,江苏1注安徽2注江西1注云南1注陕西1注青海1注共7注。,一等奖中奖情况：江苏1注安徽2注江西1注云南1注陕西1注青海1注共7注。
2015-10-22,北京1注浙江1注重庆1注广东2注海南1注贵州4注宁夏1注共11注。,一等奖中奖情况：北京1注浙江1注重庆1注广东2注海南1注贵州4注宁夏1注共11注。
2015-10-20,江苏2注浙江2注福建1注广东1注贵州1注陕西1注共8注。,一等奖中奖情况：江苏2注浙江2注福建1注广东1注贵州1注陕西1注共8注。
2015-10-18,河北1注内蒙古1注辽宁1注上海2注浙江1注安徽1注江西2注山东1注河南1注四川1注云南1注陕西1注共14注。,一等奖中奖情况：河北1注内蒙古1注辽宁1注上海2注浙江1注安徽1注江西2注山东1注河南1注四川1注云南1注陕西1注共14注。
2015-10-15,吉林1注四川2注云南1注共4注。,一等奖中奖情况：吉林1注四川2注云南1注共4注。
2015-10-13,浙江1注共1注。,一等奖中奖情况：浙江1注共1注。
2015-10-11,内蒙古1注浙江1注江西1注山东1注湖南1注深圳1注共6注。,一等奖中奖情况：内蒙古1注浙江1注江西1注山东1注湖南1注深圳1注共6注。
2015-10-08,北京2注内蒙古2注黑龙江1注河南1注湖南2注广东1注四川1注甘肃1注共11注。,一等奖中奖情况：北京2注内蒙古2注黑龙江1注河南1注湖南2注广东1注四川1注甘肃1注共11注。
2015-10-06,天津1注黑龙江1注湖南1注共3注。,一等奖中奖情况：天津1注黑龙江1注湖南1注共3注。
2015-10-04,北京1注吉林2注江苏1注浙江1注江西1注云南1注共7注。,一等奖中奖情况：北京1注吉林2注江苏1注浙江1注江西1注云南1注共7注。
2015-10-01,河北1注辽宁2注河南2注四川4注陕西1注共10注。,一等奖中奖情况：河北1注辽宁2注河南2注四川4注陕西1注共10注。
2015-09-29,河北1注辽宁1注黑龙江1注上海1注安徽2注山东1注河南3注广西1注青海1注深圳1注共13注。,一等奖中奖情况：河北1注辽宁1注黑龙江1注上海1注安徽2注山东1注河南3注广西1注青海1注深圳1注共13注。
2015-09-27,辽宁1注福建1注河南1注广西2注四川2注共7注。,一等奖中奖情况：辽宁1注福建1注河南1注广西2注四川2注共7注。
2015-09-24,内蒙古1注黑龙江1注广东2注共4注。,一等奖中奖情况：内蒙古1注黑龙江1注广东2注共4注。
2015-09-22,河北1注内蒙古2注辽宁1注湖南1注广西1注贵州1注共7注。,一等奖中奖情况：河北1注内蒙古2注辽宁1注湖南1注广西1注贵州1注共7注。
2015-09-20,上海1注江苏1注浙江2注福建1注山东1注四川1注云南1注新疆3注共11注。,一等奖中奖情况：上海1注江苏1注浙江2注福建1注山东1注四川1注云南1注新疆3注共11注。
2015-09-17,辽宁1注山东1注贵州1注云南2注青海1注深圳1注共7注。,一等奖中奖情况：辽宁1注山东1注贵州1注云南2注青海1注深圳1注共7注。
2015-09-15,江苏1注浙江1注安徽2注广东1注四川1注云南1注陕西1注宁夏1注共9注。,一等奖中奖情况：江苏1注浙江1注安徽2注广东1注四川1注云南1注陕西1注宁夏1注共9注。
2015-09-13,黑龙江1注浙江1注江西1注湖北1注四川1注云南1注深圳1注共7注。,一等奖中奖情况：黑龙江1注浙江1注江西1注湖北1注四川1注云南1注深圳1注共7注。
2015-09-10,辽宁1注浙江1注江西1注广东1注青海1注深圳1注共6注。,一等奖中奖情况：辽宁1注浙江1注江西1注广东1注青海1注深圳1注共6注。
2015-09-08,辽宁1注吉林1注江苏2注山东2注河南1注湖北1注广东2注四川2注共12注。,一等奖中奖情况：辽宁1注吉林1注江苏2注山东2注河南1注湖北1注广东2注四川2注共12注。
2015-09-06,共0注。,一等奖中奖情况：共0注。
2015-09-03,天津1注浙江1注山东1注共3注。,一等奖中奖情况：天津1注浙江1注山东1注共3注。
2015-09-01,内蒙古1注江苏1注浙江1注广东1注云南1注共5注。,一等奖中奖情况：内蒙古1注江苏1注浙江1注广东1注云南1注共5注。
2015-08-30,浙江2注山东1注河南1注广东1注广西1注甘肃1注深圳1注共8注。,一等奖中奖情况：浙江2注山东1注河南1注广东1注广西1注甘肃1注深圳1注共8注。
2015-08-27,北京1注福建1注共2注。,一等奖中奖情况：北京1注福建1注共2注。
2015-08-25,北京1注内蒙古1注辽宁1注浙江1注云南1注共5注。,一等奖中奖情况：北京1注内蒙古1注辽宁1注浙江1注云南1注共5注。
2015-08-23,河北1注贵州1注陕西1注共3注。,一等奖中奖情况：河北1注贵州1注陕西1注共3注。
2015-08-20,河北1注辽宁1注吉林1注浙江3注福建1注湖南1注海南1注云南1注深圳1注共11注。,一等奖中奖情况：河北1注辽宁1注吉林1注浙江3注福建1注湖南1注海南1注云南1注深圳1注共11注。
2015-08-18,上海1注浙江1注安徽1注山东2注河南1注湖北3注云南1注共10注。,一等奖中奖情况：上海1注浙江1注安徽1注山东2注河南1注湖北3注云南1注共10注。
2015-08-16,浙江1注云南1注陕西2注青海1注共5注。,一等奖中奖情况：浙江1注云南1注陕西2注青海1注共5注。
2015-08-13,吉林2注山东2注广东1注共5注。,一等奖中奖情况：吉林2注山东2注广东1注共5注。
2015-08-11,上海1注山东1注深圳2注共4注。,一等奖中奖情况：上海1注山东1注深圳2注共4注。
2015-08-09,上海1注浙江2注重庆1注广西1注共5注。,一等奖中奖情况：上海1注浙江2注重庆1注广西1注共5注。
2015-08-06,福建1注广东2注广西1注共4注。,一等奖中奖情况：福建1注广东2注广西1注共4注。
2015-08-04,山东1注新疆1注共2注。,一等奖中奖情况：山东1注新疆1注共2注。
2015-08-02,湖北1注陕西1注深圳1注共3注。,一等奖中奖情况：湖北1注陕西1注深圳1注共3注。
2015-07-30,山西1注山东1注河南10注广东1注共13注。,一等奖中奖情况：山西1注山东1注河南10注广东1注共13注。
2015-07-28,贵州1注共1注。,一等奖中奖情况：贵州1注共1注。
2015-07-26,山西1注黑龙江2注湖南1注广东1注贵州1注共6注。,一等奖中奖情况：山西1注黑龙江2注湖南1注广东1注贵州1注共6注。
2015-07-23,湖北1注广西1注甘肃1注共3注。,一等奖中奖情况：湖北1注广西1注甘肃1注共3注。
2015-07-21,安徽1注湖北1注共2注。,一等奖中奖情况：安徽1注湖北1注共2注。
2015-07-19,天津1注内蒙古1注上海1注江苏1注浙江1注湖北1注贵州8注陕西2注宁夏1注共17注。,一等奖中奖情况：天津1注内蒙古1注上海1注江苏1注浙江1注湖北1注贵州8注陕西2注宁夏1注共17注。
2015-07-16,浙江1注山东2注湖北2注四川1注共6注。,一等奖中奖情况：浙江1注山东2注湖北2注四川1注共6注。
2015-07-14,北京1注河北2注湖南1注四川2注共6注。,一等奖中奖情况：北京1注河北2注湖南1注四川2注共6注。
2015-07-12,上海1注江苏1注浙江1注湖南1注广西1注四川1注共6注。,一等奖中奖情况：上海1注江苏1注浙江1注湖南1注广西1注四川1注共6注。
2015-07-09,浙江1注福建2注江西1注山东2注河南4注湖南1注广东2注海南1注四川3注宁夏1注共18注。,一等奖中奖情况：浙江1注福建2注江西1注山东2注河南4注湖南1注广东2注海南1注四川3注宁夏1注共18注。
2015-07-07,山东2注甘肃1注共3注。,一等奖中奖情况：山东2注甘肃1注共3注。
2015-07-05,广东1注贵州2注共3注。,一等奖中奖情况：广东1注贵州2注共3注。
2015-07-02,北京1注河北1注辽宁2注江苏1注浙江3注福建1注江西1注山东1注河南1注湖南3注贵州1注新疆1注共17注。,一等奖中奖情况：北京1注河北1注辽宁2注江苏1注浙江3注福建1注江西1注山东1注河南1注湖南3注贵州1注新疆1注共17注。
2015-06-30,江苏1注重庆1注共2注。,一等奖中奖情况：江苏1注重庆1注共2注。
2015-06-28,浙江1注四川1注共2注。,一等奖中奖情况：浙江1注四川1注共2注。
2015-06-25,江苏2注浙江1注湖北1注四川1注共5注。,一等奖中奖情况：江苏2注浙江1注湖北1注四川1注共5注。
2015-06-23,江苏1注福建3注湖南1注共5注。,一等奖中奖情况：江苏1注福建3注湖南1注共5注。
2015-06-21,北京2注吉林1注江苏3注浙江1注安徽3注广东4注共14注。,一等奖中奖情况：北京2注吉林1注江苏3注浙江1注安徽3注广东4注共14注。
2015-06-18,北京1注河北1注上海1注山东1注广东1注共5注。,一等奖中奖情况：北京1注河北1注上海1注山东1注广东1注共5注。
2015-06-16,黑龙江1注江苏4注湖北1注广东1注广西1注共8注。,一等奖中奖情况：黑龙江1注江苏4注湖北1注广东1注广西1注共8注。
2015-06-14,辽宁1注浙江1注安徽1注山东1注四川1注贵州2注西藏1注共8注。,一等奖中奖情况：辽宁1注浙江1注安徽1注山东1注四川1注贵州2注西藏1注共8注。
2015-06-11,福建1注重庆10注四川2注共13注。,一等奖中奖情况：福建1注重庆10注四川2注共13注。
2015-06-09,北京1注浙江3注新疆1注共5注。,一等奖中奖情况：北京1注浙江3注新疆1注共5注。
2015-06-07,福建3注江西1注广东3注共7注。,一等奖中奖情况：福建3注江西1注广东3注共7注。
2015-06-04,辽宁1注黑龙江1注江西1注山东1注重庆1注河南1注深圳1注共7注。,一等奖中奖情况：辽宁1注黑龙江1注江西1注山东1注重庆1注河南1注深圳1注共7注。
2015-06-02,河北1注浙江1注湖北2注湖南1注四川1注云南1注共7注。,一等奖中奖情况：河北1注浙江1注湖北2注湖南1注四川1注云南1注共7注。
2015-05-31,北京1注黑龙江1注共2注。,一等奖中奖情况：北京1注黑龙江1注共2注。
2015-05-28,河北1注上海1注江苏1注共3注。,一等奖中奖情况：河北1注上海1注江苏1注共3注。
2015-05-26,山西1注辽宁1注浙江1注湖北2注共5注。,一等奖中奖情况：山西1注辽宁1注浙江1注湖北2注共5注。
2015-05-24,山东1注湖北1注宁夏1注共3注。,一等奖中奖情况：山东1注湖北1注宁夏1注共3注。
2015-05-21,辽宁1注上海1注江苏1注江西1注湖南2注广东1注深圳2注共9注。,一等奖中奖情况：辽宁1注上海1注江苏1注江西1注湖南2注广东1注深圳2注共9注。
2015-05-19,河南1注云南1注宁夏1注新疆1注共4注。,一等奖中奖情况：河南1注云南1注宁夏1注新疆1注共4注。
2015-05-17,安徽1注湖南5注广西1注共7注。,一等奖中奖情况：安徽1注湖南5注广西1注共7注。
2015-05-14,北京1注黑龙江1注海南2注甘肃2注共6注。,一等奖中奖情况：北京1注黑龙江1注海南2注甘肃2注共6注。
2015-05-12,辽宁1注浙江1注山东1注河南3注广东2注甘肃1注深圳1注共10注。,一等奖中奖情况：辽宁1注浙江1注山东1注河南3注广东2注甘肃1注深圳1注共10注。
2015-05-10,黑龙江2注上海1注安徽3注福建1注河南1注陕西1注共9注。,一等奖中奖情况：黑龙江2注上海1注安徽3注福建1注河南1注陕西1注共9注。
2015-05-07,北京1注河北1注辽宁1注上海1注浙江5注山东2注湖北1注湖南1注广东1注云南1注陕西1注甘肃1注共17注。,一等奖中奖情况：北京1注河北1注辽宁1注上海1注浙江5注山东2注湖北1注湖南1注广东1注云南1注陕西1注甘肃1注共17注。
2015-05-05,山东2注陕西1注共3注。,一等奖中奖情况：山东2注陕西1注共3注。
2015-05-03,黑龙江1注浙江1注广东1注云南1注共4注。,一等奖中奖情况：黑龙江1注浙江1注广东1注云南1注共4注。
2015-04-30,河北1注安徽1注山东5注广东2注共9注。,一等奖中奖情况：河北1注安徽1注山东5注广东2注共9注。
2015-04-28,浙江10注湖南1注广东2注共13注。,一等奖中奖情况：浙江10注湖南1注广东2注共13注。
2015-04-26,北京1注江苏2注浙江3注福建4注广东2注共12注。,一等奖中奖情况：北京1注江苏2注浙江3注福建4注广东2注共12注。
2015-04-23,吉林1注福建1注共2注。,一等奖中奖情况：吉林1注福建1注共2注。
2015-04-21,江苏1注安徽1注山东1注四川1注贵州1注共5注。,一等奖中奖情况：江苏1注安徽1注山东1注四川1注贵州1注共5注。
2015-04-19,北京1注天津1注内蒙古1注黑龙江1注上海2注江苏2注浙江16注福建1注江西2注山东3注湖北2注湖南1注广东3注广西1注云南2注陕西1注甘肃1注深圳3注共44注。,一等奖中奖情况：北京1注天津1注内蒙古1注黑龙江1注上海2注江苏2注浙江16注福建1注江西2注山东3注湖北2注湖南1注广东3注广西1注云南2注陕西1注甘肃1注深圳3注共44注。
2015-04-16,江苏1注广西10注共11注。,一等奖中奖情况：江苏1注广西10注共11注。
2015-04-14,北京1注河北1注内蒙古1注辽宁2注上海1注江苏5注山东1注湖南3注广东1注广西1注四川1注共18注。,一等奖中奖情况：北京1注河北1注内蒙古1注辽宁2注上海1注江苏5注山东1注湖南3注广东1注广西1注四川1注共18注。
2015-04-12,北京1注天津3注河北2注上海2注江苏1注浙江1注福建1注山东2注湖南1注广东1注宁夏1注深圳1注共17注。,一等奖中奖情况：北京1注天津3注河北2注上海2注江苏1注浙江1注福建1注山东2注湖南1注广东1注宁夏1注深圳1注共17注。
2015-04-09,上海1注山东1注湖北1注深圳1注共4注。,一等奖中奖情况：上海1注山东1注湖北1注深圳1注共4注。
2015-04-07,内蒙古1注吉林1注浙江1注安徽1注湖南1注广西1注海南1注共7注。,一等奖中奖情况：内蒙古1注吉林1注浙江1注安徽1注湖南1注广西1注海南1注共7注。
2015-04-05,海南1注共1注。,一等奖中奖情况：海南1注共1注。
2015-04-02,共0注。,一等奖中奖情况：共0注。
2015-03-31,上海1注江苏1注湖北1注四川1注甘肃1注共5注。,一等奖中奖情况：上海1注江苏1注湖北1注四川1注甘肃1注共5注。
2015-03-29,山西1注辽宁2注江苏1注浙江3注重庆1注湖北1注广东3注陕西1注共13注。,一等奖中奖情况：山西1注辽宁2注江苏1注浙江3注重庆1注湖北1注广东3注陕西1注共13注。
2015-03-26,江苏1注安徽1注湖北1注广东1注云南1注共5注。,一等奖中奖情况：江苏1注安徽1注湖北1注广东1注云南1注共5注。
2015-03-24,云南2注共2注。,一等奖中奖情况：云南2注共2注。
2015-03-22,内蒙古1注江苏1注河南1注湖南1注甘肃2注共6注。,一等奖中奖情况：内蒙古1注江苏1注河南1注湖南1注甘肃2注共6注。
2015-03-19,内蒙古1注浙江5注安徽1注河南1注四川1注云南1注共10注。,一等奖中奖情况：内蒙古1注浙江5注安徽1注河南1注四川1注云南1注共10注。
2015-03-17,浙江1注安徽3注江西1注陕西1注共6注。,一等奖中奖情况：浙江1注安徽3注江西1注陕西1注共6注。
2015-03-15,浙江1注重庆1注河南1注湖南1注新疆2注深圳1注共7注。,一等奖中奖情况：浙江1注重庆1注河南1注湖南1注新疆2注深圳1注共7注。
2015-03-12,辽宁1注安徽1注重庆1注湖北1注广东1注海南1注四川2注共8注。,一等奖中奖情况：辽宁1注安徽1注重庆1注湖北1注广东1注海南1注四川2注共8注。
2015-03-10,辽宁2注吉林3注黑龙江1注江苏1注浙江1注安徽1注福建1注山东1注重庆2注河南6��湖南1注广东3注云南2注青海1注共26注。,一等奖中奖情况：辽宁2注吉林3注黑龙江1注江苏1注浙江1注安徽1注福建1注山东1注重庆2注河南6��湖南1注广东3注云南2注青海1注共26注。
2015-03-08,北京3注河北1注山西2注重庆1注广东6注四川2注陕西1注共16注。,一等奖中奖情况：北京3注河北1注山西2注重庆1注广东6注四川2注陕西1注共16注。
2015-03-05,共0注。,一等奖中奖情况：共0注。
2015-03-03,河北1注山西1注上海1注浙江1注湖南2注共6注。,一等奖中奖情况：河北1注山西1注上海1注浙江1注湖南2注共6注。
2015-03-01,辽宁1注吉林3注山东2注重庆2注云南1注共9注。,一等奖中奖情况：辽宁1注吉林3注山东2注重庆2注云南1注共9注。
2015-02-26,天津1注上海5注浙江1注共7注。,一等奖中奖情况：天津1注上海5注浙江1注共7注。
2015-02-17,北京1注河北2注辽宁1注浙江1注江西2注山东2注重庆3注湖北1注广东1注四川1注云南1注共16注。,一等奖中奖情况：北京1注河北2注辽宁1注浙江1注江西2注山东2注重庆3注湖北1注广东1注四川1注云南1注共16注。
2015-02-15,辽宁2注上海2注江西1注山东1注湖南1注共7注。,一等奖中奖情况：辽宁2注上海2注江西1注山东1注湖南1注共7注。
2015-02-12,北京1注内蒙古1注辽宁6注重庆3注广西1注共12注。,一等奖中奖情况：北京1注内蒙古1注辽宁6注重庆3注广西1注共12注。
2015-02-10,北京1注天津1注河北1注上海1注浙江2注安徽1注湖北1注广东1注广西1注共10注。,一等奖中奖情况：北京1注天津1注河北1注上海1注浙江2注安徽1注湖北1注广东1注广西1注共10注。
2015-02-08,北京1注福建5注广东1注共7注。,一等奖中奖情况：北京1注福建5注广东1注共7注。
2015-02-05,内蒙古3注江苏3注浙江1注福建1注山东1注广西1注共10注。,一等奖中奖情况：内蒙古3注江苏3注浙江1注福建1注山东1注广西1注共10注。
2015-02-03,黑龙江1注上海1注浙江1注山东1注云南1注陕西1注共6注。,一等奖中奖情况：黑龙江1注上海1注浙江1注山东1注云南1注陕西1注共6注。
2015-02-01,北京1注天津3注河北2注山西1注内蒙古1注辽宁4注吉林1注黑龙江1注上海4注江苏4注浙江14注江西2注山东3注重庆3注河南1注湖北3注湖南3注广东6注广西1注云南2注陕西6注甘肃1注新疆1注深圳4注共72注。,一等奖中奖情况：北京1注天津3注河北2注山西1注内蒙古1注辽宁4注吉林1注黑龙江1注上海4注江苏4注浙江14注江西2注山东3注重庆3注河南1注湖北3注湖南3注广东6注广西1注云南2注陕西6注甘肃1注新疆1注深圳4注共72注。
2015-01-29,北京1注天津1注辽宁1注吉林2注安徽2注山东2注湖北1注广东1注四川1注共12注。,一等奖中奖情况：北京1注天津1注辽宁1注吉林2注安徽2注山东2注湖北1注广东1注四川1注共12注。
2015-01-27,天津1注山西1注辽宁1注上海9注安徽1注福建1注山东2注重庆2注广东1注四川1注云南1注共21注。,一等奖中奖情况：天津1注山西1注辽宁1注上海9注安徽1注福建1注山东2注重庆2注广东1注四川1注云南1注共21注。
2015-01-25 00:00:00,江苏1注福建1注河南1注广东1注深圳1注共5注。,一等奖中奖情况：江苏1注福建1注河南1注广东1注深圳1注共5注。
2015-01-22,北京1注辽宁1注吉林1注重庆2注四川1注青海1注共7注。,一等奖中奖情况：北京1注辽宁1注吉林1注重庆2注四川1注青海1注共7注。
2015-01-20,北京1注天津1注浙江2注安徽1注山东1注重庆1注广东2注广西1注四川2注深圳1注共13注。,一等奖中奖情况：北京1注天津1注浙江2注安徽1注山东1注重庆1注广东2注广西1注四川2注深圳1注共13注。
2015-01-18,天津1注河北1注山西1注江苏1注湖北2注共6注。,一等奖中奖情况：天津1注河北1注山西1注江苏1注湖北2注共6注。
2015-01-15,天津3注湖南1注广东2注广西1注深圳1注共8注。,一等奖中奖情况：天津3注湖南1注广东2注广西1注深圳1注共8注。
2015-01-13,上海1注河南1注广东1注陕西2注宁夏2注共7注。,一等奖中奖情况：上海1注河南1注广东1注陕西2注宁夏2注共7注。
2015-01-11,北京1注天津1注内蒙古1注重庆1注湖北1注甘肃1注新疆1注共7注。,一等奖中奖情况：北京1注天津1注内蒙古1注重庆1注湖北1注甘肃1注新疆1注共7注。
2015-01-08,辽宁2注安徽1注广东1注广西1注共5注。,一等奖中奖情况：辽宁2注安徽1注广东1注广西1注共5注。
2015-01-06,内蒙古1注上海1注浙江1注江西1注湖南1注共5注。,一等奖中奖情况：内蒙古1注上海1注浙江1注江西1注湖南1注共5注。
2015-01-04,天津2注河北1注山西2注浙江1注湖北3注湖南2注新疆1注深圳1注共13注。,一等奖中奖情况：天津2注河北1注山西2注浙江1注湖北3注湖南2注新疆1注深圳1注共13注。
2015-01-01,北京1注黑龙江1注上海2注湖南1注广东1注海南1注青海1注共8注。,一等奖中奖情况：北京1注黑龙江1注上海2注湖南1注广东1注海南1注青海1注共8注。
2014-12-30,河北1注辽宁1注吉林1注上海1注江西5注河南1注广东2注共12注。,一等奖中奖情况：河北1注辽宁1注吉林1注上海1注江西5注河南1注广东2注共12注。
2014-12-28,天津1注河北2注吉林1注江苏2注浙江2注山东1注重庆1注广东1注广西2注共13注。,一等奖中奖情况：天津1注河北2注吉林1注江苏2注浙江2注山东1注重庆1注广东1注广西2注共13注。
2014-12-25,山西1注内蒙古1注辽宁1注上海1注安徽1注山东1注河南1注湖南1注陕西1注共9注。,一等奖中奖情况：山西1注内蒙古1注辽宁1注上海1注安徽1注山东1注河南1注湖南1注陕西1注共9注。
2014-12-23,上海2注共2注。,一等奖中奖情况：上海2注共2注。
2014-12-21,河北2注吉林1注上海1注江西1注广东1注广西1注四川1注新疆1注共9注。,一等奖中奖情况：河北2注吉林1注上海1注江西1注广东1注广西1注四川1注新疆1注共9注。
2014-12-18,内蒙古1注湖北1注广东1注广西1注共4注。,一等奖中奖情况：内蒙古1注湖北1注广东1注广西1注共4注。
2014-12-16,内蒙古1注上海2注共3注。,一等奖中奖情况：内蒙古1注上海2注共3注。
2014-12-14,北京1注辽宁2注江苏1注山东1注湖南1注广东2注四川1注共9注。,一等奖中奖情况：北京1注辽宁2注江苏1注山东1注湖南1注广东2注四川1注共9注。
2014-12-11,河北1注浙江1注山东1注湖南2注深圳1注共6注。,一等奖中奖情况：河北1注浙江1注山东1注湖南2注深圳1注共6注。
2014-12-09,北京5注山西6注吉林1注海南1注四川1注共14注。,一等奖中奖情况：北京5注山西6注吉林1注海南1注四川1注共14注。
2014-12-07,黑龙江1注安徽1注重庆1注湖南1注深圳1注共5注。,一等奖中奖情况：黑龙江1注安徽1注重庆1注湖南1注深圳1注共5注。
2014-12-04,北京12注黑龙江1注江苏1注浙江3注江西2注广东1注西藏1注陕西1注共22注。,一等奖中奖情况：北京12注黑龙江1注江苏1注浙江3注江西2注广东1注西藏1注陕西1注共22注。
2014-12-02,内蒙古1注黑龙江1注江苏1注浙江1注西藏1注共5注。,一等奖中奖情况：内蒙古1注黑龙江1注江苏1注浙江1注西藏1注共5注。
2014-11-30,上海2注浙江2注重庆1注广东2注四川2注陕西1注共10注。,一等奖中奖情况：上海2注浙江2注重庆1注广东2注四川2注陕西1注共10注。
2014-11-27,河北1注黑龙江1注重庆1注河南1注广东1注共5注。,一等奖中奖情况：河北1注黑龙江1注重庆1注河南1注广东1注共5注。
